id,start_id,predicate,end_id,jurisdiction,source_record_id,source_url,properties_json
EDGE:0000ef89053d35de103661f9,AU:USE:8803afccafb95aae90e4e967,usesProduct,AU:PRODUCT:47e4906967218687ec156295,AU,RAW:37ca83b9790fc21f7c19a9f7,https://portal.apvma.gov.au/pubcris,{}
EDGE:00021f4083cc87161a253eb7,AU:USE:36eb10d52505b1259844b48b,usesProduct,AU:PRODUCT:7feed95ebf8a4d6f19180bcc,AU,RAW:33c99f820a0947607c387a3a,https://portal.apvma.gov.au/pubcris,{}
EDGE:68cfcdc215d9cef069b141b3,AU:USE:8803afccafb95aae90e4e967,hasActiveIngredient,AU:AI:a498de90efb76ac921129146,AU,RAW:37ca83b9790fc21f7c19a9f7,https://portal.apvma.gov.au/pubcris,{}
EDGE:ac81fd38eb30a8d551041fc2,AU:USE:36eb10d52505b1259844b48b,hasActiveIngredient,AU:AI:d22fdad88d35b630b33716b8,AU,RAW:33c99f820a0947607c387a3a,https://portal.apvma.gov.au/pubcris,{}
EDGE:61a3b72fdc3a8fed9f4ca980,AU:REG:aacbf231422dfa045957f04e,hasRegistrationUse,AU:USE:8803afccafb95aae90e4e967,AU,RAW:37ca83b9790fc21f7c19a9f7,https://portal.apvma.gov.au/pubcris,{}
EDGE:b398fff2bf9571e61ea70d43,AU:REG:63afe985339ace4aaa43e35f,hasRegistrationUse,AU:USE:36eb10d52505b1259844b48b,AU,RAW:33c99f820a0947607c387a3a,https://portal.apvma.gov.au/pubcris,{}
EDGE:0789544ff6a4cf4044d57164,AU:USE:36eb10d52505b1259844b48b,registeredForCrop,AU:CROP:da832736a1b2104afd1104e0,AU,RAW:33c99f820a0947607c387a3a,https://portal.apvma.gov.au/pubcris,"{""pairing_status"": ""official_pair_asserted""}"
EDGE:0c85975a06822ba2634633ae,AU:USE:36eb10d52505b1259844b48b,registeredForCrop,AU:CROP:be7e370408c84500e536e3a9,AU,RAW:33c99f820a0947607c387a3a,https://portal.apvma.gov.au/pubcris,"{""pairing_status"": ""official_pair_asserted""}"
EDGE:11211e35964b756c947a1dd1,AU:USE:36eb10d52505b1259844b48b,registeredForCrop,AU:CROP:71c0c609d29a511ca82400ac,AU,RAW:33c99f820a0947607c387a3a,https://portal.apvma.gov.au/pubcris,"{""pairing_status"": ""official_pair_asserted""}"
EDGE:16149b3e761791d2f7d928fc,AU:USE:36eb10d52505b1259844b48b,registeredForCrop,AU:CROP:6e5f5b9e2553f27ec114fe43,AU,RAW:33c99f820a0947607c387a3a,https://portal.apvma.gov.au/pubcris,"{""pairing_status"": ""official_pair_asserted""}"
EDGE:1665c0cd176d1363d7f760f4,AU:USE:36eb10d52505b1259844b48b,registeredForCrop,AU:CROP:994bef0057cdabccdd422f90,AU,RAW:33c99f820a0947607c387a3a,https://portal.apvma.gov.au/pubcris,"{""pairing_status"": ""official_pair_asserted""}"
EDGE:19178e229e0a9190cdf1a475,AU:USE:36eb10d52505b1259844b48b,registeredForCrop,AU:CROP:449a2ed0e8f20ce6383adbb2,AU,RAW:33c99f820a0947607c387a3a,https://portal.apvma.gov.au/pubcris,"{""pairing_status"": ""official_pair_asserted""}"
EDGE:1b7fc08eabdad17fcef1e6be,AU:USE:36eb10d52505b1259844b48b,registeredForCrop,AU:CROP:72a9cb3aa58dfdc6d9baef66,AU,RAW:33c99f820a0947607c387a3a,https://portal.apvma.gov.au/pubcris,"{""pairing_status"": ""official_pair_asserted""}"
EDGE:1dc5f4545d7f7521311a2fda,AU:USE:36eb10d52505b1259844b48b,registeredForCrop,AU:CROP:bdb24c8ff50dc9b1319072d1,AU,RAW:33c99f820a0947607c387a3a,https://portal.apvma.gov.au/pubcris,"{""pairing_status"": ""official_pair_asserted""}"
EDGE:20f319e238643f16f4236b46,AU:USE:36eb10d52505b1259844b48b,registeredForCrop,AU:CROP:0fc5dbc704c21a8c0603fc3c,AU,RAW:33c99f820a0947607c387a3a,https://portal.apvma.gov.au/pubcris,"{""pairing_status"": ""official_pair_asserted""}"
EDGE:215deea280beb52d9251e78a,AU:USE:36eb10d52505b1259844b48b,registeredForCrop,AU:CROP:98674aae56f4dde1f678861a,AU,RAW:33c99f820a0947607c387a3a,https://portal.apvma.gov.au/pubcris,"{""pairing_status"": ""official_pair_asserted""}"
EDGE:226fbcaded0d1b32d9d3aa82,AU:USE:36eb10d52505b1259844b48b,registeredForCrop,AU:CROP:712c8946a5779a21ede7b9e1,AU,RAW:33c99f820a0947607c387a3a,https://portal.apvma.gov.au/pubcris,"{""pairing_status"": ""official_pair_asserted""}"
EDGE:22ca04eae5460d4b217db2e9,AU:USE:36eb10d52505b1259844b48b,registeredForCrop,AU:CROP:1a8e92491d7f8dabb3766d6a,AU,RAW:33c99f820a0947607c387a3a,https://portal.apvma.gov.au/pubcris,"{""pairing_status"": ""official_pair_asserted""}"
EDGE:2b6290e6c05a7991ff338069,AU:USE:36eb10d52505b1259844b48b,registeredForCrop,AU:CROP:444f1faf757a9e5b07d524e3,AU,RAW:33c99f820a0947607c387a3a,https://portal.apvma.gov.au/pubcris,"{""pairing_status"": ""official_pair_asserted""}"
EDGE:355ce72a1c3586276d12e35f,AU:USE:36eb10d52505b1259844b48b,registeredForCrop,AU:CROP:f39617901c94080fe0588bc8,AU,RAW:33c99f820a0947607c387a3a,https://portal.apvma.gov.au/pubcris,"{""pairing_status"": ""official_pair_asserted""}"
EDGE:3dc48ed95a998d4e03433bd6,AU:USE:36eb10d52505b1259844b48b,registeredForCrop,AU:CROP:ebc43e22b502cd9dd558e62d,AU,RAW:33c99f820a0947607c387a3a,https://portal.apvma.gov.au/pubcris,"{""pairing_status"": ""official_pair_asserted""}"
EDGE:4373583f2114e773438ffb68,AU:USE:36eb10d52505b1259844b48b,registeredForCrop,AU:CROP:856c7dcdcada400ddeefae10,AU,RAW:33c99f820a0947607c387a3a,https://portal.apvma.gov.au/pubcris,"{""pairing_status"": ""official_pair_asserted""}"
EDGE:5cfe6fef35198865b8dd64b5,AU:USE:36eb10d52505b1259844b48b,registeredForCrop,AU:CROP:c8cf701f30ad11d3ee877dce,AU,RAW:33c99f820a0947607c387a3a,https://portal.apvma.gov.au/pubcris,"{""pairing_status"": ""official_pair_asserted""}"
EDGE:5e6c0b838905972e1669a514,AU:USE:36eb10d52505b1259844b48b,registeredForCrop,AU:CROP:118d04a70b92f12e333d3906,AU,RAW:33c99f820a0947607c387a3a,https://portal.apvma.gov.au/pubcris,"{""pairing_status"": ""official_pair_asserted""}"
EDGE:61cf47b1cc4b8cc652e4f0b9,AU:USE:8803afccafb95aae90e4e967,registeredForCrop,AU:CROP:5c599616ac500daae9e6b0bc,AU,RAW:37ca83b9790fc21f7c19a9f7,https://portal.apvma.gov.au/pubcris,"{""pairing_status"": ""official_pair_asserted""}"
EDGE:67e3ed358559f13cfdafc0d7,AU:USE:36eb10d52505b1259844b48b,registeredForCrop,AU:CROP:fc7d73b9605822541de5991f,AU,RAW:33c99f820a0947607c387a3a,https://portal.apvma.gov.au/pubcris,"{""pairing_status"": ""official_pair_asserted""}"
EDGE:6b267246d1efe32a719fadbc,AU:USE:36eb10d52505b1259844b48b,registeredForCrop,AU:CROP:7ed0f0da39d5b63b8ecc2cda,AU,RAW:33c99f820a0947607c387a3a,https://portal.apvma.gov.au/pubcris,"{""pairing_status"": ""official_pair_asserted""}"
EDGE:6e72d0a835d5dab63785a0b4,AU:USE:36eb10d52505b1259844b48b,registeredForCrop,AU:CROP:83aa68d5dbbb36c0b0fc16c0,AU,RAW:33c99f820a0947607c387a3a,https://portal.apvma.gov.au/pubcris,"{""pairing_status"": ""official_pair_asserted""}"
EDGE:6f09cddc600c00952399e08a,AU:USE:36eb10d52505b1259844b48b,registeredForCrop,AU:CROP:aaf555e3ba53511748b763f7,AU,RAW:33c99f820a0947607c387a3a,https://portal.apvma.gov.au/pubcris,"{""pairing_status"": ""official_pair_asserted""}"
EDGE:6f8f9716e719b2c8c88ca258,AU:USE:36eb10d52505b1259844b48b,registeredForCrop,AU:CROP:b69cfbef1e26e69efd9ee470,AU,RAW:33c99f820a0947607c387a3a,https://portal.apvma.gov.au/pubcris,"{""pairing_status"": ""official_pair_asserted""}"
EDGE:71bd03534a53324c425ff497,AU:USE:36eb10d52505b1259844b48b,registeredForCrop,AU:CROP:b26f05a3c4e0f27d470fad11,AU,RAW:33c99f820a0947607c387a3a,https://portal.apvma.gov.au/pubcris,"{""pairing_status"": ""official_pair_asserted""}"
EDGE:76f7ebed0d62260398bdcbab,AU:USE:36eb10d52505b1259844b48b,registeredForCrop,AU:CROP:5509840d0873adb040558882,AU,RAW:33c99f820a0947607c387a3a,https://portal.apvma.gov.au/pubcris,"{""pairing_status"": ""official_pair_asserted""}"
EDGE:783ef260eaa049413eddce66,AU:USE:36eb10d52505b1259844b48b,registeredForCrop,AU:CROP:aef2fb9dd3aabf7d7b1c0af4,AU,RAW:33c99f820a0947607c387a3a,https://portal.apvma.gov.au/pubcris,"{""pairing_status"": ""official_pair_asserted""}"
EDGE:7adeb7d5bfb4c8dab39d7bdc,AU:USE:36eb10d52505b1259844b48b,registeredForCrop,AU:CROP:564e04edd912323992a27eba,AU,RAW:33c99f820a0947607c387a3a,https://portal.apvma.gov.au/pubcris,"{""pairing_status"": ""official_pair_asserted""}"
EDGE:7ba7b80d7a4e3db409b35976,AU:USE:36eb10d52505b1259844b48b,registeredForCrop,AU:CROP:17f0c5ccf1b5286c1f6daab3,AU,RAW:33c99f820a0947607c387a3a,https://portal.apvma.gov.au/pubcris,"{""pairing_status"": ""official_pair_asserted""}"
EDGE:8fb167c1067d95bd3a4cebda,AU:USE:36eb10d52505b1259844b48b,registeredForCrop,AU:CROP:7036a136a06f126293409b17,AU,RAW:33c99f820a0947607c387a3a,https://portal.apvma.gov.au/pubcris,"{""pairing_status"": ""official_pair_asserted""}"
EDGE:95026f486aa51416f6816ef4,AU:USE:36eb10d52505b1259844b48b,registeredForCrop,AU:CROP:31e526596547792f07369210,AU,RAW:33c99f820a0947607c387a3a,https://portal.apvma.gov.au/pubcris,"{""pairing_status"": ""official_pair_asserted""}"
EDGE:9f8e19904ebe62f4ca6787b4,AU:USE:36eb10d52505b1259844b48b,registeredForCrop,AU:CROP:bfc6d7c32fad73eac2c8ccb6,AU,RAW:33c99f820a0947607c387a3a,https://portal.apvma.gov.au/pubcris,"{""pairing_status"": ""official_pair_asserted""}"
EDGE:a02d4b91d7a7d0d5e40d702f,AU:USE:36eb10d52505b1259844b48b,registeredForCrop,AU:CROP:16d0380361d0a3fd442c8915,AU,RAW:33c99f820a0947607c387a3a,https://portal.apvma.gov.au/pubcris,"{""pairing_status"": ""official_pair_asserted""}"
EDGE:af8b75246cc84114667d472a,AU:USE:36eb10d52505b1259844b48b,registeredForCrop,AU:CROP:315600a556a5376ebaeccc4a,AU,RAW:33c99f820a0947607c387a3a,https://portal.apvma.gov.au/pubcris,"{""pairing_status"": ""official_pair_asserted""}"
EDGE:b5275e0d68c7c8d1fddf9460,AU:USE:36eb10d52505b1259844b48b,registeredForCrop,AU:CROP:56aee1c4c9c29fe7cdeccfbf,AU,RAW:33c99f820a0947607c387a3a,https://portal.apvma.gov.au/pubcris,"{""pairing_status"": ""official_pair_asserted""}"
EDGE:c067e9e9c3dca273b43f4c98,AU:USE:36eb10d52505b1259844b48b,registeredForCrop,AU:CROP:1ba2e5f41658911b065d5b65,AU,RAW:33c99f820a0947607c387a3a,https://portal.apvma.gov.au/pubcris,"{""pairing_status"": ""official_pair_asserted""}"
EDGE:c0746a333a1f34316d41fbd1,AU:USE:36eb10d52505b1259844b48b,registeredForCrop,AU:CROP:2538188a8f99dfdd056746db,AU,RAW:33c99f820a0947607c387a3a,https://portal.apvma.gov.au/pubcris,"{""pairing_status"": ""official_pair_asserted""}"
EDGE:ccbdcaad8d6d6c696c8e9f25,AU:USE:36eb10d52505b1259844b48b,registeredForCrop,AU:CROP:fe6b9f1f7f5e68ed6626c5e5,AU,RAW:33c99f820a0947607c387a3a,https://portal.apvma.gov.au/pubcris,"{""pairing_status"": ""official_pair_asserted""}"
EDGE:cd124668d9d82b801f58a022,AU:USE:36eb10d52505b1259844b48b,registeredForCrop,AU:CROP:e7943e0a8687b76414cf77ad,AU,RAW:33c99f820a0947607c387a3a,https://portal.apvma.gov.au/pubcris,"{""pairing_status"": ""official_pair_asserted""}"
EDGE:d63c9b12a481361a60f0f5a0,AU:USE:36eb10d52505b1259844b48b,registeredForCrop,AU:CROP:30601d91b653629188717ad6,AU,RAW:33c99f820a0947607c387a3a,https://portal.apvma.gov.au/pubcris,"{""pairing_status"": ""official_pair_asserted""}"
EDGE:d7f57e881ab8be49ae5226d9,AU:USE:36eb10d52505b1259844b48b,registeredForCrop,AU:CROP:ae9b26d512e1254ff1154b8e,AU,RAW:33c99f820a0947607c387a3a,https://portal.apvma.gov.au/pubcris,"{""pairing_status"": ""official_pair_asserted""}"
EDGE:dd1625717dbf86751dba9218,AU:USE:36eb10d52505b1259844b48b,registeredForCrop,AU:CROP:5297a53c9c4492097a6d2e18,AU,RAW:33c99f820a0947607c387a3a,https://portal.apvma.gov.au/pubcris,"{""pairing_status"": ""official_pair_asserted""}"
EDGE:e22da5f0142bf9c46a890d15,AU:USE:36eb10d52505b1259844b48b,registeredForCrop,AU:CROP:43190c8e5b94802a9318de1d,AU,RAW:33c99f820a0947607c387a3a,https://portal.apvma.gov.au/pubcris,"{""pairing_status"": ""official_pair_asserted""}"
EDGE:e6f31d3a1e3b2554cd9c1658,AU:USE:36eb10d52505b1259844b48b,registeredForCrop,AU:CROP:e34f477e2482c266d88cad38,AU,RAW:33c99f820a0947607c387a3a,https://portal.apvma.gov.au/pubcris,"{""pairing_status"": ""official_pair_asserted""}"
EDGE:e79ee1df76d7f355be17849c,AU:USE:36eb10d52505b1259844b48b,registeredForCrop,AU:CROP:524ae559ec73c305e42df318,AU,RAW:33c99f820a0947607c387a3a,https://portal.apvma.gov.au/pubcris,"{""pairing_status"": ""official_pair_asserted""}"
EDGE:e8730abc1926a492b3519863,AU:USE:36eb10d52505b1259844b48b,registeredForCrop,AU:CROP:69e399851c8419993d467570,AU,RAW:33c99f820a0947607c387a3a,https://portal.apvma.gov.au/pubcris,"{""pairing_status"": ""official_pair_asserted""}"
EDGE:f05d775b4acdb5e2d246ea0d,AU:USE:36eb10d52505b1259844b48b,registeredForCrop,AU:CROP:acd57afefedbd41ea1b56eac,AU,RAW:33c99f820a0947607c387a3a,https://portal.apvma.gov.au/pubcris,"{""pairing_status"": ""official_pair_asserted""}"
EDGE:f1f66a824eddeacab9cce41c,AU:USE:36eb10d52505b1259844b48b,registeredForCrop,AU:CROP:1ac95444fb044216c61795b2,AU,RAW:33c99f820a0947607c387a3a,https://portal.apvma.gov.au/pubcris,"{""pairing_status"": ""official_pair_asserted""}"
EDGE:f48a594c9976e9f6239a40f3,AU:USE:8803afccafb95aae90e4e967,registeredForCrop,AU:CROP:9d23384be3fd6cce052968aa,AU,RAW:37ca83b9790fc21f7c19a9f7,https://portal.apvma.gov.au/pubcris,"{""pairing_status"": ""official_pair_asserted""}"
EDGE:fa796f89c5eea607707b62a4,AU:USE:36eb10d52505b1259844b48b,registeredForCrop,AU:CROP:2577f5b8cc97eaa95aa02268,AU,RAW:33c99f820a0947607c387a3a,https://portal.apvma.gov.au/pubcris,"{""pairing_status"": ""official_pair_asserted""}"
EDGE:2fabb0e92458be90b5817dab,AU:REG:aacbf231422dfa045957f04e,hasProduct,AU:PRODUCT:47e4906967218687ec156295,AU,RAW:37ca83b9790fc21f7c19a9f7,https://portal.apvma.gov.au/pubcris,{}
EDGE:6a08eaf668704967338f421b,AU:REG:63afe985339ace4aaa43e35f,hasProduct,AU:PRODUCT:7feed95ebf8a4d6f19180bcc,AU,RAW:33c99f820a0947607c387a3a,https://portal.apvma.gov.au/pubcris,{}
EDGE:3764118be27f76a0d4bbbaca,AU:CountryJurisdiction,hasRegistration,AU:REG:aacbf231422dfa045957f04e,AU,RAW:37ca83b9790fc21f7c19a9f7,https://portal.apvma.gov.au/pubcris,{}
EDGE:3d6ff30f338bd564dec2e24c,AU:CountryJurisdiction,hasRegistration,AU:REG:63afe985339ace4aaa43e35f,AU,RAW:33c99f820a0947607c387a3a,https://portal.apvma.gov.au/pubcris,{}
EDGE:0000000efa6d2ad03f4e9c51,CN:USE:def2df6ded587a21ff0de445,usesProduct,CN:PRODUCT:574e9f591e480c1fbb40d76e,CN,RAW:a36219bf8304f5ee71a0b1e8,http://www.chinapesticide.org.cn/,{}
EDGE:000235ccf1262e36f0f15250,CN:USE:d9edf31b8f455d8c7749f362,usesProduct,CN:PRODUCT:4237d8ca7373cbe091c07b6b,CN,RAW:e9736db5c7a86e71a8314a94,http://www.chinapesticide.org.cn/,{}
EDGE:08119b7b7c913cc289b0d3f0,CN:USE:d9edf31b8f455d8c7749f362,hasActiveIngredient,CN:AI:702d058054e4b53d74969dc4,CN,RAW:e9736db5c7a86e71a8314a94,http://www.chinapesticide.org.cn/,{}
EDGE:d0a3334ffe899eefc837f8e9,CN:USE:def2df6ded587a21ff0de445,hasActiveIngredient,CN:AI:af56e7272111673ac9279a8a,CN,RAW:a36219bf8304f5ee71a0b1e8,http://www.chinapesticide.org.cn/,{}
EDGE:00000c96e9b2f749b0d22d11,TW:USE:aefacb9ab257934120776685,usesProduct,TW:PRODUCT:f63c3d0104de75f061ba1c9d,TW,RAW:d37edd97beb7fe18d099e232,https://pesticide.aphia.gov.tw/information/Query/RegisterContent/?permno=AGD00010044783&regtid=10,{}
EDGE:000034d1f5d1587fe8203416,TW:USE:1f7095e021d7f95b0196c18c,usesProduct,TW:PRODUCT:3a4600643163bcd7a9f17308,TW,RAW:fff42cbbc4a42b49d8ccdab3,https://pesticide.aphia.gov.tw/information/Query/RegisterContent/?permno=AGD00010063960&regtid=10,{}
EDGE:00b37c25e014771f5a29d0e2,GB:USE:e3951f958f49e4d558c3ac6b,usesProduct,GB:PRODUCT:0e74bafbfc40ae221f3ae6c7,GB,RAW:e53a8d65df5d149502bcbe25,https://secure.pesticides.gov.uk/pestreg/getfullproduct.asp?productid=46005&pageno=1&origin=prodsearch,{}
EDGE:00c0fbdd7500eb8a848232b2,GB:USE:7d35fd78fbd820f9d46956a3,usesProduct,GB:PRODUCT:d1843b1a236dc9a168c25451,GB,RAW:39b3881bc12f080903af2fea,https://secure.pesticides.gov.uk/pestreg/getfullproduct.asp?productid=45559&pageno=1&origin=prodsearch,{}
EDGE:c1283a3abdb89d874eb64971,GB:USE:7d35fd78fbd820f9d46956a3,hasActiveIngredient,GB:AI:6e40d56e17cb466357ea584c,GB,RAW:39b3881bc12f080903af2fea,https://secure.pesticides.gov.uk/pestreg/getfullproduct.asp?productid=45559&pageno=1&origin=prodsearch,{}
EDGE:e5a42199034e187c1a960b7e,GB:USE:e3951f958f49e4d558c3ac6b,hasActiveIngredient,GB:AI:d22fdad88d35b630b33716b8,GB,RAW:e53a8d65df5d149502bcbe25,https://secure.pesticides.gov.uk/pestreg/getfullproduct.asp?productid=46005&pageno=1&origin=prodsearch,{}
EDGE:04cc547409534b83b5fb3081,GB:REG:c4e95672bbf1e672daf2fe39,hasRegistrationUse,GB:USE:e3951f958f49e4d558c3ac6b,GB,RAW:e53a8d65df5d149502bcbe25,https://secure.pesticides.gov.uk/pestreg/getfullproduct.asp?productid=46005&pageno=1&origin=prodsearch,{}
EDGE:c7e5e16847c1bc381302658d,GB:REG:7297deed53c8b4c3e614ca53,hasRegistrationUse,GB:USE:7d35fd78fbd820f9d46956a3,GB,RAW:39b3881bc12f080903af2fea,https://secure.pesticides.gov.uk/pestreg/getfullproduct.asp?productid=45559&pageno=1&origin=prodsearch,{}
EDGE:a88c7af12f81f012285866bf,GB:USE:e3951f958f49e4d558c3ac6b,registeredForCrop,GB:CROP:fad5f146d9bc8a583e16fdb3,GB,RAW:e53a8d65df5d149502bcbe25,https://secure.pesticides.gov.uk/pestreg/getfullproduct.asp?productid=46005&pageno=1&origin=prodsearch,"{""pairing_status"": ""pairing_not_asserted""}"
EDGE:d4e71cdeb4ea3842cf340c8a,GB:USE:7d35fd78fbd820f9d46956a3,registeredForCrop,GB:CROP:ff0d692c1764d40ba5630a81,GB,RAW:39b3881bc12f080903af2fea,https://secure.pesticides.gov.uk/pestreg/getfullproduct.asp?productid=45559&pageno=1&origin=prodsearch,"{""pairing_status"": ""pairing_not_asserted""}"
EDGE:00b37c25e014771f5a29d0e2,GB:USE:e3951f958f49e4d558c3ac6b,usesProduct,GB:PRODUCT:0e74bafbfc40ae221f3ae6c7,GB,RAW:e53a8d65df5d149502bcbe25,https://secure.pesticides.gov.uk/pestreg/getfullproduct.asp?productid=46005&pageno=1&origin=prodsearch,{}
EDGE:00c0fbdd7500eb8a848232b2,GB:USE:7d35fd78fbd820f9d46956a3,usesProduct,GB:PRODUCT:d1843b1a236dc9a168c25451,GB,RAW:39b3881bc12f080903af2fea,https://secure.pesticides.gov.uk/pestreg/getfullproduct.asp?productid=45559&pageno=1&origin=prodsearch,{}
EDGE:44731ca97dab3d37d2cd4ed0,GB:REG:7297deed53c8b4c3e614ca53,hasProduct,GB:PRODUCT:d1843b1a236dc9a168c25451,GB,RAW:39b3881bc12f080903af2fea,https://secure.pesticides.gov.uk/pestreg/getfullproduct.asp?productid=45559&pageno=1&origin=prodsearch,{}
EDGE:723fc229fd91899537348f1a,GB:REG:c4e95672bbf1e672daf2fe39,hasProduct,GB:PRODUCT:0e74bafbfc40ae221f3ae6c7,GB,RAW:e53a8d65df5d149502bcbe25,https://secure.pesticides.gov.uk/pestreg/getfullproduct.asp?productid=46005&pageno=1&origin=prodsearch,{}
EDGE:b7d00377fd9b97642b56d2c2,GB:CountryJurisdiction,hasRegistration,GB:REG:7297deed53c8b4c3e614ca53,GB,RAW:39b3881bc12f080903af2fea,https://secure.pesticides.gov.uk/pestreg/getfullproduct.asp?productid=45559&pageno=1&origin=prodsearch,{}
EDGE:dec33aeb1de3ff3b56cc1dfd,GB:CountryJurisdiction,hasRegistration,GB:REG:c4e95672bbf1e672daf2fe39,GB,RAW:e53a8d65df5d149502bcbe25,https://secure.pesticides.gov.uk/pestreg/getfullproduct.asp?productid=46005&pageno=1&origin=prodsearch,{}
EDGE:0032a6a8642c4a7f62fb119a,GB-NI:USE:8effbaa11f1e6318f2fcf49f,usesProduct,GB-NI:PRODUCT:5e8d9c222f9a455c946625cf,GB-NI,RAW:022abdf5fac17c527b0cc8ba,https://secure.pesticides.gov.uk/pestreg/,{}
EDGE:0043f55212a025256eb7fbcb,GB-NI:USE:669d35c07d90c89efd99aaa6,usesProduct,GB-NI:PRODUCT:c14f6a006c89accbab187433,GB-NI,RAW:f171ce4d37fbb9a3bdcc2428,https://secure.pesticides.gov.uk/pestreg/getfullproduct.asp?productid=46673&pageno=1&origin=prodsearch,{}
EDGE:4e9c544f45d2168d35c0c84c,GB-NI:USE:8effbaa11f1e6318f2fcf49f,hasActiveIngredient,GB-NI:AI:d22fdad88d35b630b33716b8,GB-NI,RAW:022abdf5fac17c527b0cc8ba,https://secure.pesticides.gov.uk/pestreg/,{}
EDGE:acd9125c3967050e64118891,GB-NI:USE:669d35c07d90c89efd99aaa6,hasActiveIngredient,GB-NI:AI:d22fdad88d35b630b33716b8,GB-NI,RAW:f171ce4d37fbb9a3bdcc2428,https://secure.pesticides.gov.uk/pestreg/getfullproduct.asp?productid=46673&pageno=1&origin=prodsearch,{}
EDGE:e21fa498ab733a23bc7e0612,GB-NI:REG:1c10b524478a1df3b0cf72ac,hasRegistrationUse,GB-NI:USE:8effbaa11f1e6318f2fcf49f,GB-NI,RAW:022abdf5fac17c527b0cc8ba,https://secure.pesticides.gov.uk/pestreg/,{}
EDGE:e8d32ea5274a663fbc03a09d,GB-NI:REG:5f4d8362ec55002c33f6ff52,hasRegistrationUse,GB-NI:USE:669d35c07d90c89efd99aaa6,GB-NI,RAW:f171ce4d37fbb9a3bdcc2428,https://secure.pesticides.gov.uk/pestreg/getfullproduct.asp?productid=46673&pageno=1&origin=prodsearch,{}
EDGE:4037600a8b8b17a8772f2b74,GB-NI:USE:8effbaa11f1e6318f2fcf49f,registeredForCrop,GB-NI:CROP:fad5f146d9bc8a583e16fdb3,GB-NI,RAW:022abdf5fac17c527b0cc8ba,https://secure.pesticides.gov.uk/pestreg/,"{""pairing_status"": ""pairing_not_asserted""}"
EDGE:a00ea8975c1bca2c06cd961d,GB-NI:USE:669d35c07d90c89efd99aaa6,registeredForCrop,GB-NI:CROP:c5f00b21239dee425c700559,GB-NI,RAW:f171ce4d37fbb9a3bdcc2428,https://secure.pesticides.gov.uk/pestreg/getfullproduct.asp?productid=46673&pageno=1&origin=prodsearch,"{""pairing_status"": ""pairing_not_asserted""}"
EDGE:0032a6a8642c4a7f62fb119a,GB-NI:USE:8effbaa11f1e6318f2fcf49f,usesProduct,GB-NI:PRODUCT:5e8d9c222f9a455c946625cf,GB-NI,RAW:022abdf5fac17c527b0cc8ba,https://secure.pesticides.gov.uk/pestreg/,{}
EDGE:0043f55212a025256eb7fbcb,GB-NI:USE:669d35c07d90c89efd99aaa6,usesProduct,GB-NI:PRODUCT:c14f6a006c89accbab187433,GB-NI,RAW:f171ce4d37fbb9a3bdcc2428,https://secure.pesticides.gov.uk/pestreg/getfullproduct.asp?productid=46673&pageno=1&origin=prodsearch,{}
EDGE:88ac2b9b5f029796c1ec3fd0,GB-NI:REG:5f4d8362ec55002c33f6ff52,hasProduct,GB-NI:PRODUCT:c14f6a006c89accbab187433,GB-NI,RAW:f171ce4d37fbb9a3bdcc2428,https://secure.pesticides.gov.uk/pestreg/getfullproduct.asp?productid=46673&pageno=1&origin=prodsearch,{}
EDGE:c6ade3d7ec1a4ebe7e283fc9,GB-NI:REG:1c10b524478a1df3b0cf72ac,hasProduct,GB-NI:PRODUCT:5e8d9c222f9a455c946625cf,GB-NI,RAW:022abdf5fac17c527b0cc8ba,https://secure.pesticides.gov.uk/pestreg/,{}
EDGE:918541ba910b226b4be48319,GB-NI:CountryJurisdiction,hasRegistration,GB-NI:REG:1c10b524478a1df3b0cf72ac,GB-NI,RAW:022abdf5fac17c527b0cc8ba,https://secure.pesticides.gov.uk/pestreg/,{}
EDGE:979b91b222a2cf20be87f7c7,GB-NI:CountryJurisdiction,hasRegistration,GB-NI:REG:5f4d8362ec55002c33f6ff52,GB-NI,RAW:f171ce4d37fbb9a3bdcc2428,https://secure.pesticides.gov.uk/pestreg/getfullproduct.asp?productid=46673&pageno=1&origin=prodsearch,{}
EDGE:000ad3d3d4d5e4857f202371,HU:USE:dfb2e1f113f29e24b6e64064,usesProduct,HU:PRODUCT:46b8ccc36c9523a53d7bad5d,HU,RAW:81349d7dc9a54bbe957b881e,10,{}
EDGE:00f5fad6c0915c7a3ee61f0a,HU:USE:8ec82471850d2a25eba30298,usesProduct,HU:PRODUCT:2faaff790d27f6c9f0daa68f,HU,RAW:128bf93735c25d503d46806a,14,{}
EDGE:4e8165aa80ab1f49d500acc4,HU:USE:dfb2e1f113f29e24b6e64064,hasActiveIngredient,HU:AI:544f5a919d7846399ff3b8bf,HU,RAW:81349d7dc9a54bbe957b881e,10,{}
EDGE:cdb2c675eefb32cec1a1878c,HU:USE:8ec82471850d2a25eba30298,hasActiveIngredient,HU:AI:8665aaaa35626834a5da7f5d,HU,RAW:128bf93735c25d503d46806a,14,{}
EDGE:423f9f5307e3f78f220ff6bc,HU:REG:6b62064e4905ec4bcf05ef34,hasRegistrationUse,HU:USE:8ec82471850d2a25eba30298,HU,RAW:128bf93735c25d503d46806a,14,{}
EDGE:448a8830555a9be93e5c3e41,HU:REG:7476da24970a1a4392698708,hasRegistrationUse,HU:USE:dfb2e1f113f29e24b6e64064,HU,RAW:81349d7dc9a54bbe957b881e,10,{}
EDGE:553d32d09866895823ef5087,HU:USE:8ec82471850d2a25eba30298,registeredForCrop,HU:CROP:9b65bd0f16c3584cac5981b8,HU,RAW:128bf93735c25d503d46806a,14,"{""pairing_status"": ""pairing_not_asserted""}"
EDGE:fc7322a304e63497b799c36e,HU:USE:dfb2e1f113f29e24b6e64064,registeredForCrop,HU:CROP:91ea0819ab43444f80eb680f,HU,RAW:81349d7dc9a54bbe957b881e,10,"{""pairing_status"": ""pairing_not_asserted""}"
EDGE:44059fb9123346e91e53d58e,HU:USE:8ec82471850d2a25eba30298,registeredForTarget,HU:TARGET:17ceccef844c5969068c724e,HU,RAW:128bf93735c25d503d46806a,14,"{""pairing_status"": ""pairing_not_asserted""}"
EDGE:bac2b2b041b8ecf7e1a94a13,HU:USE:dfb2e1f113f29e24b6e64064,registeredForTarget,HU:TARGET:0f0500c4f5ca64028491701f,HU,RAW:81349d7dc9a54bbe957b881e,10,"{""pairing_status"": ""pairing_not_asserted""}"
EDGE:000ad3d3d4d5e4857f202371,HU:USE:dfb2e1f113f29e24b6e64064,usesProduct,HU:PRODUCT:46b8ccc36c9523a53d7bad5d,HU,RAW:81349d7dc9a54bbe957b881e,10,{}
EDGE:00f5fad6c0915c7a3ee61f0a,HU:USE:8ec82471850d2a25eba30298,usesProduct,HU:PRODUCT:2faaff790d27f6c9f0daa68f,HU,RAW:128bf93735c25d503d46806a,14,{}
EDGE:48081d80f8adc72ecb0d1797,HU:REG:7476da24970a1a4392698708,hasProduct,HU:PRODUCT:46b8ccc36c9523a53d7bad5d,HU,RAW:81349d7dc9a54bbe957b881e,10,{}
EDGE:754de451479d2c96081b0429,HU:REG:6b62064e4905ec4bcf05ef34,hasProduct,HU:PRODUCT:2faaff790d27f6c9f0daa68f,HU,RAW:128bf93735c25d503d46806a,14,{}
EDGE:a835e0cc94be8e9cee379b3a,HU:CountryJurisdiction,hasRegistration,HU:REG:7476da24970a1a4392698708,HU,RAW:81349d7dc9a54bbe957b881e,10,{}
EDGE:b6c171272f1f307867be3bcc,HU:CountryJurisdiction,hasRegistration,HU:REG:6b62064e4905ec4bcf05ef34,HU,RAW:128bf93735c25d503d46806a,14,{}
EDGE:009ec64ffe2aa6e83803c9ff,IE:USE:37be1f3c5f841de54f20b01a,usesProduct,IE:PRODUCT:6ba3bda1959ecdaa747be874,IE,RAW:8dc386da641d23a48eb7ff26,https://www.pcs.agriculture.gov.ie/pppd/Search/Product?productId=7854,{}
EDGE:00b31291155c91573b5bf00f,IE:USE:77d0a21db54bba6062a7eac5,usesProduct,IE:PRODUCT:3e9e4089432bbe18f82dce27,IE,RAW:476b6c149ad2c3aaf9ee42ff,https://www.pcs.agriculture.gov.ie/pppd/Search/Product?productId=8158,{}
EDGE:047df1afa59b4ae902ee44c0,IE:USE:77d0a21db54bba6062a7eac5,hasActiveIngredient,IE:AI:a32b771cb8baa2a53dc7cc5c,IE,RAW:476b6c149ad2c3aaf9ee42ff,https://www.pcs.agriculture.gov.ie/pppd/Search/Product?productId=8158,{}
EDGE:509a3e38f6e62abd8d913a1d,IE:USE:37be1f3c5f841de54f20b01a,hasActiveIngredient,IE:AI:bbad17a1f7fe725c21f4289e,IE,RAW:8dc386da641d23a48eb7ff26,https://www.pcs.agriculture.gov.ie/pppd/Search/Product?productId=7854,{}
EDGE:f60a5b4bb608f62279b70472,IE:USE:37be1f3c5f841de54f20b01a,hasActiveIngredient,IE:AI:588d221bda069b4ee95cba5c,IE,RAW:8dc386da641d23a48eb7ff26,https://www.pcs.agriculture.gov.ie/pppd/Search/Product?productId=7854,{}
EDGE:4bc4bc97de475e62b84bbe43,IE:REG:1f4c086eabad648292fda68e,hasRegistrationUse,IE:USE:37be1f3c5f841de54f20b01a,IE,RAW:8dc386da641d23a48eb7ff26,https://www.pcs.agriculture.gov.ie/pppd/Search/Product?productId=7854,{}
EDGE:5e4dae53d9aa0e4a4a5be419,IE:REG:087479a75860b24e952043d2,hasRegistrationUse,IE:USE:77d0a21db54bba6062a7eac5,IE,RAW:476b6c149ad2c3aaf9ee42ff,https://www.pcs.agriculture.gov.ie/pppd/Search/Product?productId=8158,{}
EDGE:04e09bc0fd9e0080ac81fc2e,IE:USE:37be1f3c5f841de54f20b01a,registeredForCrop,IE:CROP:890008c2ffe3309c698a1446,IE,RAW:8dc386da641d23a48eb7ff26,https://www.pcs.agriculture.gov.ie/pppd/Search/Product?productId=7854,"{""pairing_status"": ""pairing_not_asserted""}"
EDGE:0bde0a9c872623a14e5cfdc0,IE:USE:77d0a21db54bba6062a7eac5,registeredForCrop,IE:CROP:f5903f51e341a783e69ffc2d,IE,RAW:476b6c149ad2c3aaf9ee42ff,https://www.pcs.agriculture.gov.ie/pppd/Search/Product?productId=8158,"{""pairing_status"": ""pairing_not_asserted""}"
EDGE:17b7b5a204e2ea9e190d623e,IE:USE:77d0a21db54bba6062a7eac5,registeredForCrop,IE:CROP:df0f8315c84697e3c7f10801,IE,RAW:476b6c149ad2c3aaf9ee42ff,https://www.pcs.agriculture.gov.ie/pppd/Search/Product?productId=8158,"{""pairing_status"": ""pairing_not_asserted""}"
EDGE:1fbca49b8805702ac2617f01,IE:USE:77d0a21db54bba6062a7eac5,registeredForCrop,IE:CROP:c343118f9b488041bea18e09,IE,RAW:476b6c149ad2c3aaf9ee42ff,https://www.pcs.agriculture.gov.ie/pppd/Search/Product?productId=8158,"{""pairing_status"": ""pairing_not_asserted""}"
EDGE:3d137bad40e95b4388257be7,IE:USE:37be1f3c5f841de54f20b01a,registeredForCrop,IE:CROP:6ee8fd010236f0a875f2e718,IE,RAW:8dc386da641d23a48eb7ff26,https://www.pcs.agriculture.gov.ie/pppd/Search/Product?productId=7854,"{""pairing_status"": ""pairing_not_asserted""}"
EDGE:4b76daa720eed9b09741de21,IE:USE:37be1f3c5f841de54f20b01a,registeredForCrop,IE:CROP:e20404a503c600e151245386,IE,RAW:8dc386da641d23a48eb7ff26,https://www.pcs.agriculture.gov.ie/pppd/Search/Product?productId=7854,"{""pairing_status"": ""pairing_not_asserted""}"
EDGE:52fc9e5d5028a2cca1b1efb3,IE:USE:77d0a21db54bba6062a7eac5,registeredForCrop,IE:CROP:384123be9bdeecb95591b35f,IE,RAW:476b6c149ad2c3aaf9ee42ff,https://www.pcs.agriculture.gov.ie/pppd/Search/Product?productId=8158,"{""pairing_status"": ""pairing_not_asserted""}"
EDGE:6984605d721e38476a573094,IE:USE:77d0a21db54bba6062a7eac5,registeredForCrop,IE:CROP:4952230bae156935f14fb560,IE,RAW:476b6c149ad2c3aaf9ee42ff,https://www.pcs.agriculture.gov.ie/pppd/Search/Product?productId=8158,"{""pairing_status"": ""pairing_not_asserted""}"
EDGE:6dd20091277f33e469ac5470,IE:USE:77d0a21db54bba6062a7eac5,registeredForCrop,IE:CROP:e20404a503c600e151245386,IE,RAW:476b6c149ad2c3aaf9ee42ff,https://www.pcs.agriculture.gov.ie/pppd/Search/Product?productId=8158,"{""pairing_status"": ""pairing_not_asserted""}"
EDGE:6f6f66ded6be82923d50b6a8,IE:USE:77d0a21db54bba6062a7eac5,registeredForCrop,IE:CROP:890008c2ffe3309c698a1446,IE,RAW:476b6c149ad2c3aaf9ee42ff,https://www.pcs.agriculture.gov.ie/pppd/Search/Product?productId=8158,"{""pairing_status"": ""pairing_not_asserted""}"
EDGE:716a225f547b8fd7e2262d65,IE:USE:77d0a21db54bba6062a7eac5,registeredForCrop,IE:CROP:66e99f0d8ec9f02f2036c7df,IE,RAW:476b6c149ad2c3aaf9ee42ff,https://www.pcs.agriculture.gov.ie/pppd/Search/Product?productId=8158,"{""pairing_status"": ""pairing_not_asserted""}"
EDGE:72d7bfcf4f0d9c3f13007105,IE:USE:77d0a21db54bba6062a7eac5,registeredForCrop,IE:CROP:6ee8fd010236f0a875f2e718,IE,RAW:476b6c149ad2c3aaf9ee42ff,https://www.pcs.agriculture.gov.ie/pppd/Search/Product?productId=8158,"{""pairing_status"": ""pairing_not_asserted""}"
EDGE:76e497002301cedd90707a78,IE:USE:77d0a21db54bba6062a7eac5,registeredForCrop,IE:CROP:6dcf3ef382523b8aaf057569,IE,RAW:476b6c149ad2c3aaf9ee42ff,https://www.pcs.agriculture.gov.ie/pppd/Search/Product?productId=8158,"{""pairing_status"": ""pairing_not_asserted""}"
EDGE:91594fcee9efb541f697354f,IE:USE:77d0a21db54bba6062a7eac5,registeredForCrop,IE:CROP:88268b539de1fda78904caa6,IE,RAW:476b6c149ad2c3aaf9ee42ff,https://www.pcs.agriculture.gov.ie/pppd/Search/Product?productId=8158,"{""pairing_status"": ""pairing_not_asserted""}"
EDGE:9c9fff4f441f9f6e190efa0f,IE:USE:77d0a21db54bba6062a7eac5,registeredForCrop,IE:CROP:ed086a3a203062f8a0aab955,IE,RAW:476b6c149ad2c3aaf9ee42ff,https://www.pcs.agriculture.gov.ie/pppd/Search/Product?productId=8158,"{""pairing_status"": ""pairing_not_asserted""}"
EDGE:a143a3d919bc40b9c4e682fa,IE:USE:37be1f3c5f841de54f20b01a,registeredForCrop,IE:CROP:df0f8315c84697e3c7f10801,IE,RAW:8dc386da641d23a48eb7ff26,https://www.pcs.agriculture.gov.ie/pppd/Search/Product?productId=7854,"{""pairing_status"": ""pairing_not_asserted""}"
EDGE:a334e76bcf088a14baf22aa1,IE:USE:77d0a21db54bba6062a7eac5,registeredForCrop,IE:CROP:a4046ff3bc2899a4e854379e,IE,RAW:476b6c149ad2c3aaf9ee42ff,https://www.pcs.agriculture.gov.ie/pppd/Search/Product?productId=8158,"{""pairing_status"": ""pairing_not_asserted""}"
EDGE:a5447fb09f8b57ed43c18628,IE:USE:77d0a21db54bba6062a7eac5,registeredForCrop,IE:CROP:84844ab2fe15153e58d1421b,IE,RAW:476b6c149ad2c3aaf9ee42ff,https://www.pcs.agriculture.gov.ie/pppd/Search/Product?productId=8158,"{""pairing_status"": ""pairing_not_asserted""}"
EDGE:b31cecb489583733cef0d8c7,IE:USE:77d0a21db54bba6062a7eac5,registeredForCrop,IE:CROP:96595e3f9270137cd0c6edb4,IE,RAW:476b6c149ad2c3aaf9ee42ff,https://www.pcs.agriculture.gov.ie/pppd/Search/Product?productId=8158,"{""pairing_status"": ""pairing_not_asserted""}"
EDGE:bf37a280bdee03bd15efb91f,IE:USE:37be1f3c5f841de54f20b01a,registeredForCrop,IE:CROP:c0fc00d87e7eecf57989d5c8,IE,RAW:8dc386da641d23a48eb7ff26,https://www.pcs.agriculture.gov.ie/pppd/Search/Product?productId=7854,"{""pairing_status"": ""pairing_not_asserted""}"
EDGE:e42fb2851fddffbdcb34f65d,IE:USE:77d0a21db54bba6062a7eac5,registeredForCrop,IE:CROP:589523e1679b1b96d98417ea,IE,RAW:476b6c149ad2c3aaf9ee42ff,https://www.pcs.agriculture.gov.ie/pppd/Search/Product?productId=8158,"{""pairing_status"": ""pairing_not_asserted""}"
EDGE:e549365320a7a9e2e0a728a2,IE:USE:77d0a21db54bba6062a7eac5,registeredForCrop,IE:CROP:c0fc00d87e7eecf57989d5c8,IE,RAW:476b6c149ad2c3aaf9ee42ff,https://www.pcs.agriculture.gov.ie/pppd/Search/Product?productId=8158,"{""pairing_status"": ""pairing_not_asserted""}"
EDGE:f7800dbaaf5c44dcbe0fb0e7,IE:USE:37be1f3c5f841de54f20b01a,registeredForCrop,IE:CROP:96595e3f9270137cd0c6edb4,IE,RAW:8dc386da641d23a48eb7ff26,https://www.pcs.agriculture.gov.ie/pppd/Search/Product?productId=7854,"{""pairing_status"": ""pairing_not_asserted""}"
EDGE:009ec64ffe2aa6e83803c9ff,IE:USE:37be1f3c5f841de54f20b01a,usesProduct,IE:PRODUCT:6ba3bda1959ecdaa747be874,IE,RAW:8dc386da641d23a48eb7ff26,https://www.pcs.agriculture.gov.ie/pppd/Search/Product?productId=7854,{}
EDGE:00b31291155c91573b5bf00f,IE:USE:77d0a21db54bba6062a7eac5,usesProduct,IE:PRODUCT:3e9e4089432bbe18f82dce27,IE,RAW:476b6c149ad2c3aaf9ee42ff,https://www.pcs.agriculture.gov.ie/pppd/Search/Product?productId=8158,{}
EDGE:9b01d7e35fffdc054bfbbba1,IE:REG:1f4c086eabad648292fda68e,hasProduct,IE:PRODUCT:6ba3bda1959ecdaa747be874,IE,RAW:8dc386da641d23a48eb7ff26,https://www.pcs.agriculture.gov.ie/pppd/Search/Product?productId=7854,{}
EDGE:f7ad1517e3222d60cae160fd,IE:REG:087479a75860b24e952043d2,hasProduct,IE:PRODUCT:3e9e4089432bbe18f82dce27,IE,RAW:476b6c149ad2c3aaf9ee42ff,https://www.pcs.agriculture.gov.ie/pppd/Search/Product?productId=8158,{}
EDGE:638a66f0a47622eff9c6b4b1,IE:CountryJurisdiction,hasRegistration,IE:REG:1f4c086eabad648292fda68e,IE,RAW:8dc386da641d23a48eb7ff26,https://www.pcs.agriculture.gov.ie/pppd/Search/Product?productId=7854,{}
EDGE:6b91519e3ec86c6d39e4aa49,IE:CountryJurisdiction,hasRegistration,IE:REG:087479a75860b24e952043d2,IE,RAW:476b6c149ad2c3aaf9ee42ff,https://www.pcs.agriculture.gov.ie/pppd/Search/Product?productId=8158,{}
EDGE:00008ff74bfb6d478032f621,JP:USE:50afbf30c29b41d96e4be724,usesProduct,JP:PRODUCT:42f34109087d20eb16d58b31,JP,RAW:1dd707f33e132ee5f7a24361,https://www.acis.famic.go.jp/ddata/datacsv/R0808050.zip,{}
EDGE:000091425ab9444f5f1e0fda,JP:USE:b35f521034515d23de14c4e0,usesProduct,JP:PRODUCT:635f031b14ed05f679675e35,JP,RAW:4874b1986f9151b1fb34ddb5,https://www.acis.famic.go.jp/ddata/datacsv/R0808050.zip,{}
EDGE:000069bef1ac3c639d194bd3,KR:USE:bc7c2473f9939f19e5203b21,usesProduct,KR:PRODUCT:48ccde1af9881824f1e9efab,KR,RAW:360dd4d9537341569aec697b,https://psis.rda.go.kr/psis/agc/res/agchmRegistStusLst.ps?menuId=PS00263,{}
EDGE:0000f4c6bc82a419f5bffd21,KR:USE:344ba9f5470600062a834fbb,usesProduct,KR:PRODUCT:565152ef3f0136be11bc6367,KR,RAW:24548b2527c8243ae75f79b5,https://psis.rda.go.kr/psis/agc/res/agchmRegistStusLst.ps?menuId=PS00263,{}
EDGE:590dc8fcc4952654e4746025,KR:USE:344ba9f5470600062a834fbb,hasActiveIngredient,KR:AI:aad96619319bf28f69213ba6,KR,RAW:24548b2527c8243ae75f79b5,https://psis.rda.go.kr/psis/agc/res/agchmRegistStusLst.ps?menuId=PS00263,{}
EDGE:000da07dcabdf3fa924f6d84,NL:USE:cb4e5718d6067e3b655e94e6,usesProduct,NL:PRODUCT:d11863f4aa4d0ab9ae71eacd,NL,RAW:57e0e0351dec2d3220c40d2e,https://toelatingen.ctgb.nl/,{}
EDGE:0013c156ddcf46057b8b2a10,NL:USE:cd1893ad78d7aa211fad18a7,usesProduct,NL:PRODUCT:1a629ad2cac1c0d91625d092,NL,RAW:da3b4b8835330de658a1c340,https://toelatingen.ctgb.nl/,{}
EDGE:52dd5848505df322bf9c8614,NL:USE:cb4e5718d6067e3b655e94e6,hasActiveIngredient,NL:AI:1e472d8c6aa9abb8862a6975,NL,RAW:57e0e0351dec2d3220c40d2e,https://toelatingen.ctgb.nl/,{}
EDGE:73920cef87c73e1bc9358ef4,NL:USE:cd1893ad78d7aa211fad18a7,hasActiveIngredient,NL:AI:e026e1fe55c0aed3cf854318,NL,RAW:da3b4b8835330de658a1c340,https://toelatingen.ctgb.nl/,{}
EDGE:819f6d9e8792a9f2130e4d21,NL:REG:e65fe83b2bd82ed100507bdd,hasRegistrationUse,NL:USE:cd1893ad78d7aa211fad18a7,NL,RAW:da3b4b8835330de658a1c340,https://toelatingen.ctgb.nl/,{}
EDGE:fd979490dd0a2d71caf43ad5,NL:REG:f1c628caab4033afe87dd9b4,hasRegistrationUse,NL:USE:cb4e5718d6067e3b655e94e6,NL,RAW:57e0e0351dec2d3220c40d2e,https://toelatingen.ctgb.nl/,{}
EDGE:ec304dff865d601207bbc7fc,NL:USE:cd1893ad78d7aa211fad18a7,registeredForCrop,NL:CROP:29e5bb362e77ac5f6baa80eb,NL,RAW:da3b4b8835330de658a1c340,https://toelatingen.ctgb.nl/,"{""pairing_status"": ""official_pair_asserted""}"
EDGE:fa3701a0bf73ba925ec9ff25,NL:USE:cb4e5718d6067e3b655e94e6,registeredForCrop,NL:CROP:5ec652471a41c7b2eaaffc63,NL,RAW:57e0e0351dec2d3220c40d2e,https://toelatingen.ctgb.nl/,"{""pairing_status"": ""official_pair_asserted""}"
EDGE:87f67f4833f2f03698ee890e,NL:USE:cd1893ad78d7aa211fad18a7,registeredForTarget,NL:TARGET:8676cd286e06465993376617,NL,RAW:da3b4b8835330de658a1c340,https://toelatingen.ctgb.nl/,"{""pairing_status"": ""official_pair_asserted""}"
EDGE:f505c359073954e8f07e65e6,NL:USE:cb4e5718d6067e3b655e94e6,registeredForTarget,NL:TARGET:318d4c126ba873102bd0e81f,NL,RAW:57e0e0351dec2d3220c40d2e,https://toelatingen.ctgb.nl/,"{""pairing_status"": ""official_pair_asserted""}"
EDGE:000da07dcabdf3fa924f6d84,NL:USE:cb4e5718d6067e3b655e94e6,usesProduct,NL:PRODUCT:d11863f4aa4d0ab9ae71eacd,NL,RAW:57e0e0351dec2d3220c40d2e,https://toelatingen.ctgb.nl/,{}
EDGE:0013c156ddcf46057b8b2a10,NL:USE:cd1893ad78d7aa211fad18a7,usesProduct,NL:PRODUCT:1a629ad2cac1c0d91625d092,NL,RAW:da3b4b8835330de658a1c340,https://toelatingen.ctgb.nl/,{}
EDGE:1028dde4476192b7c06da429,NL:REG:e65fe83b2bd82ed100507bdd,hasProduct,NL:PRODUCT:1a629ad2cac1c0d91625d092,NL,RAW:fa9e892592568e8a70eac7f3,https://toelatingen.ctgb.nl/,{}
EDGE:16b35215fcf3b791269cbd0b,NL:REG:e65fe83b2bd82ed100507bdd,hasProduct,NL:PRODUCT:1a629ad2cac1c0d91625d092,NL,RAW:5ccd82f2f776ee64c43f81ff,https://toelatingen.ctgb.nl/,{}
EDGE:1c8f7dd35ff017125ca1fb93,NL:REG:e65fe83b2bd82ed100507bdd,hasProduct,NL:PRODUCT:1a629ad2cac1c0d91625d092,NL,RAW:16f189bdf42a943ca0b02b2a,https://toelatingen.ctgb.nl/,{}
EDGE:1fea7e283d62717dcd7f42e4,NL:REG:e65fe83b2bd82ed100507bdd,hasProduct,NL:PRODUCT:1a629ad2cac1c0d91625d092,NL,RAW:a58e3c638030f80e66aafe79,https://toelatingen.ctgb.nl/,{}
EDGE:2176acbf7d0d97e0249869cb,NL:REG:e65fe83b2bd82ed100507bdd,hasProduct,NL:PRODUCT:1a629ad2cac1c0d91625d092,NL,RAW:b6a31a4bf2ad9d40b1cd0991,https://toelatingen.ctgb.nl/,{}
EDGE:27aa580c0122195be0e4c0a3,NL:REG:e65fe83b2bd82ed100507bdd,hasProduct,NL:PRODUCT:1a629ad2cac1c0d91625d092,NL,RAW:da3b4b8835330de658a1c340,https://toelatingen.ctgb.nl/,{}
EDGE:2a257cd9b5406d1f8220dbeb,NL:REG:e65fe83b2bd82ed100507bdd,hasProduct,NL:PRODUCT:1a629ad2cac1c0d91625d092,NL,RAW:e415999728348fe27126c5b9,https://toelatingen.ctgb.nl/,{}
EDGE:2e3abdba74c7d781c522cfac,NL:REG:e65fe83b2bd82ed100507bdd,hasProduct,NL:PRODUCT:1a629ad2cac1c0d91625d092,NL,RAW:347b58c492d58d4320c13ac8,https://toelatingen.ctgb.nl/,{}
EDGE:39cc337f68924ed4b975c101,NL:REG:f1c628caab4033afe87dd9b4,hasProduct,NL:PRODUCT:d11863f4aa4d0ab9ae71eacd,NL,RAW:b4e5ddd3fd2d26c51888d4a2,https://toelatingen.ctgb.nl/,{}
EDGE:40ba3bd85c4a784e903bf2e6,NL:REG:e65fe83b2bd82ed100507bdd,hasProduct,NL:PRODUCT:1a629ad2cac1c0d91625d092,NL,RAW:5a9f94bd2804ea9a19af0e6f,https://toelatingen.ctgb.nl/,{}
EDGE:4a3861c16ef07659732d47ce,NL:REG:e65fe83b2bd82ed100507bdd,hasProduct,NL:PRODUCT:1a629ad2cac1c0d91625d092,NL,RAW:87b8388ba6c709bb2a94efa3,https://toelatingen.ctgb.nl/,{}
EDGE:877658345f10974b22824656,NL:REG:f1c628caab4033afe87dd9b4,hasProduct,NL:PRODUCT:d11863f4aa4d0ab9ae71eacd,NL,RAW:1c838545bff74b34200c709b,https://toelatingen.ctgb.nl/,{}
EDGE:9aba0a81f069a298d90bf6e5,NL:REG:f1c628caab4033afe87dd9b4,hasProduct,NL:PRODUCT:d11863f4aa4d0ab9ae71eacd,NL,RAW:c13eaa266342aa571d137f80,https://toelatingen.ctgb.nl/,{}
EDGE:a5d38c9813e97f06f8c9004e,NL:REG:f1c628caab4033afe87dd9b4,hasProduct,NL:PRODUCT:d11863f4aa4d0ab9ae71eacd,NL,RAW:87eca4dcaafcab9dcd437f66,https://toelatingen.ctgb.nl/,{}
EDGE:bf09083ac3a0324d3bb773ec,NL:REG:e65fe83b2bd82ed100507bdd,hasProduct,NL:PRODUCT:1a629ad2cac1c0d91625d092,NL,RAW:f34d2929d8ccca6f4efaf8c4,https://toelatingen.ctgb.nl/,{}
EDGE:d3f09a587ef018f5ec13b634,NL:REG:f1c628caab4033afe87dd9b4,hasProduct,NL:PRODUCT:d11863f4aa4d0ab9ae71eacd,NL,RAW:6d322fd1eb5d26b867c90d09,https://toelatingen.ctgb.nl/,{}
EDGE:d8abceec516b8bd02747107d,NL:REG:e65fe83b2bd82ed100507bdd,hasProduct,NL:PRODUCT:1a629ad2cac1c0d91625d092,NL,RAW:e8f37e82e281ced5954f8171,https://toelatingen.ctgb.nl/,{}
EDGE:ddcb546f13de90a93c063818,NL:REG:f1c628caab4033afe87dd9b4,hasProduct,NL:PRODUCT:d11863f4aa4d0ab9ae71eacd,NL,RAW:dd523228d51eb6df68d606dc,https://toelatingen.ctgb.nl/,{}
EDGE:ebf27442aef4bc0e6e5643e9,NL:REG:f1c628caab4033afe87dd9b4,hasProduct,NL:PRODUCT:d11863f4aa4d0ab9ae71eacd,NL,RAW:46cb1d255dbb582583a66de0,https://toelatingen.ctgb.nl/,{}
EDGE:ef2c6c61a466d19080b78805,NL:REG:f1c628caab4033afe87dd9b4,hasProduct,NL:PRODUCT:d11863f4aa4d0ab9ae71eacd,NL,RAW:57e0e0351dec2d3220c40d2e,https://toelatingen.ctgb.nl/,{}
EDGE:07838ac4ef185c0c585081c4,NL:CountryJurisdiction,hasRegistration,NL:REG:e65fe83b2bd82ed100507bdd,NL,RAW:347b58c492d58d4320c13ac8,https://toelatingen.ctgb.nl/,{}
EDGE:0e842d0b5818abe1d2ab66e3,NL:CountryJurisdiction,hasRegistration,NL:REG:e65fe83b2bd82ed100507bdd,NL,RAW:fa9e892592568e8a70eac7f3,https://toelatingen.ctgb.nl/,{}
EDGE:189cb5cd9c814f60e013a3af,NL:CountryJurisdiction,hasRegistration,NL:REG:e65fe83b2bd82ed100507bdd,NL,RAW:a58e3c638030f80e66aafe79,https://toelatingen.ctgb.nl/,{}
EDGE:40fdf894eb81c08a01eead93,NL:CountryJurisdiction,hasRegistration,NL:REG:e65fe83b2bd82ed100507bdd,NL,RAW:da3b4b8835330de658a1c340,https://toelatingen.ctgb.nl/,{}
EDGE:4641b78c7a1546bded9282fa,NL:CountryJurisdiction,hasRegistration,NL:REG:f1c628caab4033afe87dd9b4,NL,RAW:57e0e0351dec2d3220c40d2e,https://toelatingen.ctgb.nl/,{}
EDGE:67552f890d798f29fdd14059,NL:CountryJurisdiction,hasRegistration,NL:REG:f1c628caab4033afe87dd9b4,NL,RAW:46cb1d255dbb582583a66de0,https://toelatingen.ctgb.nl/,{}
EDGE:7ddc39ac0d9ff0a6a6f24600,NL:CountryJurisdiction,hasRegistration,NL:REG:e65fe83b2bd82ed100507bdd,NL,RAW:b6a31a4bf2ad9d40b1cd0991,https://toelatingen.ctgb.nl/,{}
EDGE:83f84b3859004b201547a342,NL:CountryJurisdiction,hasRegistration,NL:REG:f1c628caab4033afe87dd9b4,NL,RAW:87eca4dcaafcab9dcd437f66,https://toelatingen.ctgb.nl/,{}
EDGE:91e3870536acd2accc657d2f,NL:CountryJurisdiction,hasRegistration,NL:REG:f1c628caab4033afe87dd9b4,NL,RAW:c13eaa266342aa571d137f80,https://toelatingen.ctgb.nl/,{}
EDGE:a4b11c5e5781d5262c549bf0,NL:CountryJurisdiction,hasRegistration,NL:REG:e65fe83b2bd82ed100507bdd,NL,RAW:f34d2929d8ccca6f4efaf8c4,https://toelatingen.ctgb.nl/,{}
EDGE:aa475a94cdbcd3fd73acacf6,NL:CountryJurisdiction,hasRegistration,NL:REG:e65fe83b2bd82ed100507bdd,NL,RAW:5a9f94bd2804ea9a19af0e6f,https://toelatingen.ctgb.nl/,{}
EDGE:ba26f34db1e698ea4f607f1f,NL:CountryJurisdiction,hasRegistration,NL:REG:f1c628caab4033afe87dd9b4,NL,RAW:b4e5ddd3fd2d26c51888d4a2,https://toelatingen.ctgb.nl/,{}
EDGE:bf6b15812c71341c101485aa,NL:CountryJurisdiction,hasRegistration,NL:REG:e65fe83b2bd82ed100507bdd,NL,RAW:5ccd82f2f776ee64c43f81ff,https://toelatingen.ctgb.nl/,{}
EDGE:c18a0fa5166144b82aafed17,NL:CountryJurisdiction,hasRegistration,NL:REG:e65fe83b2bd82ed100507bdd,NL,RAW:87b8388ba6c709bb2a94efa3,https://toelatingen.ctgb.nl/,{}
EDGE:c49f0bfb3111a283f92d2fa2,NL:CountryJurisdiction,hasRegistration,NL:REG:f1c628caab4033afe87dd9b4,NL,RAW:dd523228d51eb6df68d606dc,https://toelatingen.ctgb.nl/,{}
EDGE:c611356bb84b308ea197a0a8,NL:CountryJurisdiction,hasRegistration,NL:REG:e65fe83b2bd82ed100507bdd,NL,RAW:e8f37e82e281ced5954f8171,https://toelatingen.ctgb.nl/,{}
EDGE:d10d6526489d7fde50830f8b,NL:CountryJurisdiction,hasRegistration,NL:REG:f1c628caab4033afe87dd9b4,NL,RAW:6d322fd1eb5d26b867c90d09,https://toelatingen.ctgb.nl/,{}
EDGE:d5a7bf03b8d23b55d075aa55,NL:CountryJurisdiction,hasRegistration,NL:REG:e65fe83b2bd82ed100507bdd,NL,RAW:e415999728348fe27126c5b9,https://toelatingen.ctgb.nl/,{}
EDGE:eebe2619a9550044c21919e1,NL:CountryJurisdiction,hasRegistration,NL:REG:e65fe83b2bd82ed100507bdd,NL,RAW:16f189bdf42a943ca0b02b2a,https://toelatingen.ctgb.nl/,{}
EDGE:f1776a2603faca0a15ffce6a,NL:CountryJurisdiction,hasRegistration,NL:REG:f1c628caab4033afe87dd9b4,NL,RAW:1c838545bff74b34200c709b,https://toelatingen.ctgb.nl/,{}
EDGE:0587ec9e670a560c1c82a112,NL:REG:e65fe83b2bd82ed100507bdd,hasRegistrationUse,NL:USE:99ea8cd5431d89e9a08b9014,NL,RAW:5ccd82f2f776ee64c43f81ff,https://toelatingen.ctgb.nl/,{}
EDGE:08d6bc177ec18ffc7bfebce9,NL:REG:e65fe83b2bd82ed100507bdd,hasRegistrationUse,NL:USE:7e2771aa0b72eac491a30ea1,NL,RAW:87b8388ba6c709bb2a94efa3,https://toelatingen.ctgb.nl/,{}
EDGE:1f8513e7e14f69d68c9e7b67,NL:REG:f1c628caab4033afe87dd9b4,hasRegistrationUse,NL:USE:efbded27be78079dcfbef06b,NL,RAW:c13eaa266342aa571d137f80,https://toelatingen.ctgb.nl/,{}
EDGE:40bce15621faab66e5c85590,NL:REG:f1c628caab4033afe87dd9b4,hasRegistrationUse,NL:USE:494750893f2749204f41e2ff,NL,RAW:87eca4dcaafcab9dcd437f66,https://toelatingen.ctgb.nl/,{}
EDGE:5533593cb2ed716e9513ac34,NL:REG:e65fe83b2bd82ed100507bdd,hasRegistrationUse,NL:USE:a6945366990e97d92c0bc122,NL,RAW:fa9e892592568e8a70eac7f3,https://toelatingen.ctgb.nl/,{}
EDGE:570c033324701900220fb669,NL:REG:e65fe83b2bd82ed100507bdd,hasRegistrationUse,NL:USE:15a8fa33ebf66a03fcef2ec8,NL,RAW:e8f37e82e281ced5954f8171,https://toelatingen.ctgb.nl/,{}
EDGE:625d30caa76e3fe6e8a389f5,NL:REG:e65fe83b2bd82ed100507bdd,hasRegistrationUse,NL:USE:d3a542ff212ea6629f1d738a,NL,RAW:16f189bdf42a943ca0b02b2a,https://toelatingen.ctgb.nl/,{}
EDGE:6ffa952f5e92f1fec9a63ee6,NL:REG:f1c628caab4033afe87dd9b4,hasRegistrationUse,NL:USE:ef10f2a0df10816c3ded98b0,NL,RAW:b4e5ddd3fd2d26c51888d4a2,https://toelatingen.ctgb.nl/,{}
EDGE:9fba2fda1dd164b54cfe9603,NL:REG:e65fe83b2bd82ed100507bdd,hasRegistrationUse,NL:USE:131baf11993f6a483bebe156,NL,RAW:f34d2929d8ccca6f4efaf8c4,https://toelatingen.ctgb.nl/,{}
EDGE:a4246a03e426ae291114a88d,NL:REG:f1c628caab4033afe87dd9b4,hasRegistrationUse,NL:USE:0adbc6d5789e15fec4a5efc4,NL,RAW:1c838545bff74b34200c709b,https://toelatingen.ctgb.nl/,{}
EDGE:cdf3b962e804143817523b3f,NL:REG:e65fe83b2bd82ed100507bdd,hasRegistrationUse,NL:USE:9a87259ba9936c22b173908c,NL,RAW:5a9f94bd2804ea9a19af0e6f,https://toelatingen.ctgb.nl/,{}
EDGE:d4b76bd843e4754eee5548f2,NL:REG:f1c628caab4033afe87dd9b4,hasRegistrationUse,NL:USE:a5174e03f1d62b8e7973ea03,NL,RAW:dd523228d51eb6df68d606dc,https://toelatingen.ctgb.nl/,{}
EDGE:e8fda642b95853b78fd13895,NL:REG:f1c628caab4033afe87dd9b4,hasRegistrationUse,NL:USE:b0c91410a374c768a3a2751f,NL,RAW:46cb1d255dbb582583a66de0,https://toelatingen.ctgb.nl/,{}
EDGE:e9d415979403cbe4e52813af,NL:REG:e65fe83b2bd82ed100507bdd,hasRegistrationUse,NL:USE:7efdfe681354450957429968,NL,RAW:e415999728348fe27126c5b9,https://toelatingen.ctgb.nl/,{}
EDGE:eee1d2934ef3eb0bbf83ee32,NL:REG:f1c628caab4033afe87dd9b4,hasRegistrationUse,NL:USE:511b0b0908e641f80b2a493c,NL,RAW:6d322fd1eb5d26b867c90d09,https://toelatingen.ctgb.nl/,{}
EDGE:f093123fc0faf3cf9f2ac82c,NL:REG:e65fe83b2bd82ed100507bdd,hasRegistrationUse,NL:USE:085a3f665411b0687cf7f293,NL,RAW:b6a31a4bf2ad9d40b1cd0991,https://toelatingen.ctgb.nl/,{}
EDGE:f30259b18495e9a1f2dec459,NL:REG:e65fe83b2bd82ed100507bdd,hasRegistrationUse,NL:USE:cf21b5996f49061548b864ce,NL,RAW:a58e3c638030f80e66aafe79,https://toelatingen.ctgb.nl/,{}
EDGE:fb6e17d04e637b020aaa4fdd,NL:REG:e65fe83b2bd82ed100507bdd,hasRegistrationUse,NL:USE:40ecd28c8a02f6c36cd8570a,NL,RAW:347b58c492d58d4320c13ac8,https://toelatingen.ctgb.nl/,{}
EDGE:00000123b66acceb2165ce64,NZ:USE:0c574f1c53628bace13ba7b7,usesProduct,NZ:PRODUCT:006e57a27c20b7637c7eec37,NZ,RAW:8d6466e6bae61a24aad02e1b,https://www.epa.govt.nz/database-search/hsno-application-register/,{}
EDGE:0001853b072ea158466693b8,NZ:USE:5160b1de31ebda262e1f2085,usesProduct,NZ:PRODUCT:64c90e12fbcccb3278965cbf,NZ,RAW:8b20d3ed56be1f165cf9e8fa,https://www.epa.govt.nz/database-search/hsno-application-register/,{}
EDGE:a1cba6bb438e3ce5aba5decf,NZ:USE:5160b1de31ebda262e1f2085,hasActiveIngredient,NZ:AI:0c1734fd445ced0ccd30cba3,NZ,RAW:8b20d3ed56be1f165cf9e8fa,https://www.epa.govt.nz/database-search/hsno-application-register/,{}
EDGE:ca3a5747880adc833540075b,NZ:USE:0c574f1c53628bace13ba7b7,hasActiveIngredient,NZ:AI:5aaca82465472bf9fc346945,NZ,RAW:8d6466e6bae61a24aad02e1b,https://www.epa.govt.nz/database-search/hsno-application-register/,{}
EDGE:00024dc8c1c065a92d4382de,US:USE:af90372a8c526a51ce5eb185,usesProduct,US:PRODUCT:eb02935f24ecd33c7b71e441,US,RAW:e573bae14b6c5a9984245116,"https://ordspub.epa.gov/ords/pesticides/f?p=PPLS:8:::NO::P8_PUID,P8_RINUM:529336,93809-5",{}
EDGE:0002b678b211fbe2867f82d5,US:USE:5900f3aa797bd00c897a856f,usesProduct,US:PRODUCT:095e5622b893ea4e16ddf736,US,RAW:cd7681bb9e153b4605beaf1a,"https://ordspub.epa.gov/ords/pesticides/f?p=PPLS:8:::NO::P8_PUID,P8_RINUM:30972,19713-397",{}
EDGE:2e72bfe880b30f0c987be450,US:USE:5900f3aa797bd00c897a856f,hasActiveIngredient,US:AI:7b1d4b3e9d82d8c5e2422b48,US,RAW:cd7681bb9e153b4605beaf1a,"https://ordspub.epa.gov/ords/pesticides/f?p=PPLS:8:::NO::P8_PUID,P8_RINUM:30972,19713-397",{}
EDGE:db05fd209d93d45d8fc2604f,US:USE:af90372a8c526a51ce5eb185,hasActiveIngredient,US:AI:472c7855b5f07e9699217f84,US,RAW:e573bae14b6c5a9984245116,"https://ordspub.epa.gov/ords/pesticides/f?p=PPLS:8:::NO::P8_PUID,P8_RINUM:529336,93809-5",{}
EDGE:56c3a6a5229a006995fe7f12,US:REG:0e68db69a17ae7b81f833b0e,hasRegistrationUse,US:USE:af90372a8c526a51ce5eb185,US,RAW:e573bae14b6c5a9984245116,"https://ordspub.epa.gov/ords/pesticides/f?p=PPLS:8:::NO::P8_PUID,P8_RINUM:529336,93809-5",{}
EDGE:8dea867222662ec47e46af29,US:REG:247ca6e486cc282784cb3326,hasRegistrationUse,US:USE:5900f3aa797bd00c897a856f,US,RAW:cd7681bb9e153b4605beaf1a,"https://ordspub.epa.gov/ords/pesticides/f?p=PPLS:8:::NO::P8_PUID,P8_RINUM:30972,19713-397",{}
EDGE:1379edc0a0cbb5153872b2e0,US:REG:247ca6e486cc282784cb3326,hasProduct,US:PRODUCT:095e5622b893ea4e16ddf736,US,RAW:cd7681bb9e153b4605beaf1a,"https://ordspub.epa.gov/ords/pesticides/f?p=PPLS:8:::NO::P8_PUID,P8_RINUM:30972,19713-397",{}
EDGE:4e0c42ab80514f67060ab3ec,US:REG:0e68db69a17ae7b81f833b0e,hasProduct,US:PRODUCT:eb02935f24ecd33c7b71e441,US,RAW:e573bae14b6c5a9984245116,"https://ordspub.epa.gov/ords/pesticides/f?p=PPLS:8:::NO::P8_PUID,P8_RINUM:529336,93809-5",{}
EDGE:1a9cb6c3c96b2ffa3f1f7000,US:CountryJurisdiction,hasRegistration,US:REG:247ca6e486cc282784cb3326,US,RAW:cd7681bb9e153b4605beaf1a,"https://ordspub.epa.gov/ords/pesticides/f?p=PPLS:8:::NO::P8_PUID,P8_RINUM:30972,19713-397",{}
EDGE:73cd0608d78b334b3fc5fa51,US:CountryJurisdiction,hasRegistration,US:REG:0e68db69a17ae7b81f833b0e,US,RAW:e573bae14b6c5a9984245116,"https://ordspub.epa.gov/ords/pesticides/f?p=PPLS:8:::NO::P8_PUID,P8_RINUM:529336,93809-5",{}
