id,type,label_original,label_en,jurisdiction,source_record_id,source_url,properties_json
AU:AI:a498de90efb76ac921129146,ActiveIngredientLocal,NAPHTHALOPHOS,NAPHTHALOPHOS,AU,RAW:db197b1ea5f07ce4d8632935,https://portal.apvma.gov.au/pubcris,"{""english_status"": ""official_english_field""}"
AU:AI:d22fdad88d35b630b33716b8,ActiveIngredientLocal,GLYPHOSATE,GLYPHOSATE,AU,RAW:5f2ef3eb26004f52cc81b83f,https://portal.apvma.gov.au/pubcris,"{""english_status"": ""official_english_field""}"
AU:CountryJurisdiction,CountryJurisdiction,Australia,Australia,AU,,,"{""sovereign_country"": ""Australia""}"
AU:CROP:0fc5dbc704c21a8c0603fc3c,CropLocal,"MANGO, OVER 3 YEARS OLD","MANGO, OVER 3 YEARS OLD",AU,RAW:510657fe71d5d8cf61297bf8,https://portal.apvma.gov.au/pubcris,"{""english_status"": ""official_source_language_en""}"
AU:CROP:118d04a70b92f12e333d3906,CropLocal,NAVY BEAN,NAVY BEAN,AU,RAW:9ea6374ed8b90be984872cab,https://portal.apvma.gov.au/pubcris,"{""english_status"": ""official_source_language_en""}"
AU:CROP:16d0380361d0a3fd442c8915,CropLocal,NURSERY - PRIOR TO ESTABLISHMENT,NURSERY - PRIOR TO ESTABLISHMENT,AU,RAW:e7f909eaf686ba7fdec1b7e6,https://portal.apvma.gov.au/pubcris,"{""english_status"": ""official_source_language_en""}"
AU:CROP:17f0c5ccf1b5286c1f6daab3,CropLocal,COMMERCIAL/INDUSTRIAL LAND,COMMERCIAL/INDUSTRIAL LAND,AU,RAW:9ea6374ed8b90be984872cab,https://portal.apvma.gov.au/pubcris,"{""english_status"": ""official_source_language_en""}"
AU:CROP:1a8e92491d7f8dabb3766d6a,CropLocal,KIWI FRUIT OVER 3 YEARS OLD,KIWI FRUIT OVER 3 YEARS OLD,AU,RAW:510657fe71d5d8cf61297bf8,https://portal.apvma.gov.au/pubcris,"{""english_status"": ""official_source_language_en""}"
AU:CROP:1ac95444fb044216c61795b2,CropLocal,"PERSIMMON, OVER 3 YEARS OLD","PERSIMMON, OVER 3 YEARS OLD",AU,RAW:3f583f15fb33fc4d17fd799f,https://portal.apvma.gov.au/pubcris,"{""english_status"": ""official_source_language_en""}"
AU:CROP:1ba2e5f41658911b065d5b65,CropLocal,FOREST - PRIOR TO PLANTING,FOREST - PRIOR TO PLANTING,AU,RAW:01dfbcd557a32c7f5fb6199b,https://portal.apvma.gov.au/pubcris,"{""english_status"": ""official_source_language_en""}"
AU:CROP:2538188a8f99dfdd056746db,CropLocal,"MONSTERA FRUIT, OVER 3 YEARS OLD","MONSTERA FRUIT, OVER 3 YEARS OLD",AU,RAW:3f583f15fb33fc4d17fd799f,https://portal.apvma.gov.au/pubcris,"{""english_status"": ""official_source_language_en""}"
AU:CROP:2577f5b8cc97eaa95aa02268,CropLocal,"OLIVE, OVER 3 YEARS OLD","OLIVE, OVER 3 YEARS OLD",AU,RAW:510657fe71d5d8cf61297bf8,https://portal.apvma.gov.au/pubcris,"{""english_status"": ""official_source_language_en""}"
AU:CROP:30601d91b653629188717ad6,CropLocal,VINEYARD - OVER 3 YEARS OLD,VINEYARD - OVER 3 YEARS OLD,AU,RAW:510657fe71d5d8cf61297bf8,https://portal.apvma.gov.au/pubcris,"{""english_status"": ""official_source_language_en""}"
AU:CROP:315600a556a5376ebaeccc4a,CropLocal,SUGAR CANE,SUGAR CANE,AU,RAW:758f7614474d83fd6e661754,https://portal.apvma.gov.au/pubcris,"{""english_status"": ""official_source_language_en""}"
AU:CROP:31e526596547792f07369210,CropLocal,NON-CULTIVATED AREA - GENERAL,NON-CULTIVATED AREA - GENERAL,AU,RAW:3f8ad7c033f54d97a7659b59,https://portal.apvma.gov.au/pubcris,"{""english_status"": ""official_source_language_en""}"
AU:CROP:43190c8e5b94802a9318de1d,CropLocal,"DUBOISIA OR CORKWOOD, OVER 3 YEARS OLD","DUBOISIA OR CORKWOOD, OVER 3 YEARS OLD",AU,RAW:510657fe71d5d8cf61297bf8,https://portal.apvma.gov.au/pubcris,"{""english_status"": ""official_source_language_en""}"
AU:CROP:444f1faf757a9e5b07d524e3,CropLocal,PUBLIC SERVICE AREA,PUBLIC SERVICE AREA,AU,RAW:5e9d79816050fd1e9e091efc,https://portal.apvma.gov.au/pubcris,"{""english_status"": ""official_source_language_en""}"
AU:CROP:449a2ed0e8f20ce6383adbb2,CropLocal,"POME FRUIT, OVER 3 YEARS OLD","POME FRUIT, OVER 3 YEARS OLD",AU,RAW:510657fe71d5d8cf61297bf8,https://portal.apvma.gov.au/pubcris,"{""english_status"": ""official_source_language_en""}"
AU:CROP:524ae559ec73c305e42df318,CropLocal,NON-AGRICULTURAL AREA - GENERAL,NON-AGRICULTURAL AREA - GENERAL,AU,RAW:0352313629488f937f1afa82,https://portal.apvma.gov.au/pubcris,"{""english_status"": ""official_source_language_en""}"
AU:CROP:5297a53c9c4492097a6d2e18,CropLocal,"LYCHEE, OVER 3 YEARS OLD","LYCHEE, OVER 3 YEARS OLD",AU,RAW:510657fe71d5d8cf61297bf8,https://portal.apvma.gov.au/pubcris,"{""english_status"": ""official_source_language_en""}"
AU:CROP:5509840d0873adb040558882,CropLocal,PEANUT,PEANUT,AU,RAW:3b87937a6e5df74a2e2f4222,https://portal.apvma.gov.au/pubcris,"{""english_status"": ""official_source_language_en""}"
AU:CROP:564e04edd912323992a27eba,CropLocal,NUT OVER 3 YEARS OLD,NUT OVER 3 YEARS OLD,AU,RAW:510657fe71d5d8cf61297bf8,https://portal.apvma.gov.au/pubcris,"{""english_status"": ""official_source_language_en""}"
AU:CROP:56aee1c4c9c29fe7cdeccfbf,CropLocal,PAWPAW OVER 3 YEARS OLD,PAWPAW OVER 3 YEARS OLD,AU,RAW:510657fe71d5d8cf61297bf8,https://portal.apvma.gov.au/pubcris,"{""english_status"": ""official_source_language_en""}"
AU:CROP:5c599616ac500daae9e6b0bc,CropLocal,SHEEP,SHEEP,AU,RAW:ad37163f96a4f09f1660d006,https://portal.apvma.gov.au/pubcris,"{""english_status"": ""official_source_language_en""}"
AU:CROP:69e399851c8419993d467570,CropLocal,COTTON,COTTON,AU,RAW:9ea6374ed8b90be984872cab,https://portal.apvma.gov.au/pubcris,"{""english_status"": ""official_source_language_en""}"
AU:CROP:6e5f5b9e2553f27ec114fe43,CropLocal,AGRICULTURAL AREAS - SEE LABEL,AGRICULTURAL AREAS - SEE LABEL,AU,RAW:98b07050b846ccc3d06309b8,https://portal.apvma.gov.au/pubcris,"{""english_status"": ""official_source_language_en""}"
AU:CROP:7036a136a06f126293409b17,CropLocal,AQUATIC AREAS WEED CONTROL - SEE LABEL,AQUATIC AREAS WEED CONTROL - SEE LABEL,AU,RAW:e70806d228e19143ab1bb6b8,https://portal.apvma.gov.au/pubcris,"{""english_status"": ""official_source_language_en""}"
AU:CROP:712c8946a5779a21ede7b9e1,CropLocal,AGRICULTURAL/FARM BUILDINGS,AGRICULTURAL/FARM BUILDINGS,AU,RAW:724f7924ea46b8890e418c3a,https://portal.apvma.gov.au/pubcris,"{""english_status"": ""official_source_language_en""}"
AU:CROP:71c0c609d29a511ca82400ac,CropLocal,DESSERT FIG OVER 3 YEARS OLD,DESSERT FIG OVER 3 YEARS OLD,AU,RAW:3f583f15fb33fc4d17fd799f,https://portal.apvma.gov.au/pubcris,"{""english_status"": ""official_source_language_en""}"
AU:CROP:72a9cb3aa58dfdc6d9baef66,CropLocal,RASPBERRY OVER 3 YEARS OLD,RASPBERRY OVER 3 YEARS OLD,AU,RAW:3f583f15fb33fc4d17fd799f,https://portal.apvma.gov.au/pubcris,"{""english_status"": ""official_source_language_en""}"
AU:CROP:7ed0f0da39d5b63b8ecc2cda,CropLocal,CHICKPEA,CHICKPEA,AU,RAW:e82b26795eb3ff78c21e2553,https://portal.apvma.gov.au/pubcris,"{""english_status"": ""official_source_language_en""}"
AU:CROP:83aa68d5dbbb36c0b0fc16c0,CropLocal,COTTON - PRE-HARVEST,COTTON - PRE-HARVEST,AU,RAW:9ea6374ed8b90be984872cab,https://portal.apvma.gov.au/pubcris,"{""english_status"": ""official_source_language_en""}"
AU:CROP:856c7dcdcada400ddeefae10,CropLocal,PASTURE - SPOT APPLICATION,PASTURE - SPOT APPLICATION,AU,RAW:ad1b765b72a216b4242c1df1,https://portal.apvma.gov.au/pubcris,"{""english_status"": ""official_source_language_en""}"
AU:CROP:98674aae56f4dde1f678861a,CropLocal,RIGHTS OF WAY,RIGHTS OF WAY,AU,RAW:cb2b25daf01358d4bbf3f6e7,https://portal.apvma.gov.au/pubcris,"{""english_status"": ""official_source_language_en""}"
AU:CROP:994bef0057cdabccdd422f90,CropLocal,PASTURE,PASTURE,AU,RAW:9ea6374ed8b90be984872cab,https://portal.apvma.gov.au/pubcris,"{""english_status"": ""official_source_language_en""}"
AU:CROP:9d23384be3fd6cce052968aa,CropLocal,LAMB,LAMB,AU,RAW:b4407861b96b14912e478823,https://portal.apvma.gov.au/pubcris,"{""english_status"": ""official_source_language_en""}"
AU:CROP:aaf555e3ba53511748b763f7,CropLocal,"GUAVA, OVER 3 YEARS OLD","GUAVA, OVER 3 YEARS OLD",AU,RAW:510657fe71d5d8cf61297bf8,https://portal.apvma.gov.au/pubcris,"{""english_status"": ""official_source_language_en""}"
AU:CROP:acd57afefedbd41ea1b56eac,CropLocal,FOLIAR APPLICATION,FOLIAR APPLICATION,AU,RAW:ab2fc48df46106c771cf8300,https://portal.apvma.gov.au/pubcris,"{""english_status"": ""official_source_language_en""}"
AU:CROP:ae9b26d512e1254ff1154b8e,CropLocal,"BANANA, OVER 3 YEARS OLD","BANANA, OVER 3 YEARS OLD",AU,RAW:510657fe71d5d8cf61297bf8,https://portal.apvma.gov.au/pubcris,"{""english_status"": ""official_source_language_en""}"
AU:CROP:aef2fb9dd3aabf7d7b1c0af4,CropLocal,SOYBEAN,SOYBEAN,AU,RAW:3b87937a6e5df74a2e2f4222,https://portal.apvma.gov.au/pubcris,"{""english_status"": ""official_source_language_en""}"
AU:CROP:b26f05a3c4e0f27d470fad11,CropLocal,STONE FRUIT OVER 3 YEARS OLD,STONE FRUIT OVER 3 YEARS OLD,AU,RAW:510657fe71d5d8cf61297bf8,https://portal.apvma.gov.au/pubcris,"{""english_status"": ""official_source_language_en""}"
AU:CROP:b69cfbef1e26e69efd9ee470,CropLocal,FOREST - ESTABLISHED TREES,FOREST - ESTABLISHED TREES,AU,RAW:a45718783ec6b1d4caa09e89,https://portal.apvma.gov.au/pubcris,"{""english_status"": ""official_source_language_en""}"
AU:CROP:bdb24c8ff50dc9b1319072d1,CropLocal,WEED CONTROL BY CUT STUMP APPLICATION,WEED CONTROL BY CUT STUMP APPLICATION,AU,RAW:207c73bfe0ebb1cccd8430e8,https://portal.apvma.gov.au/pubcris,"{""english_status"": ""official_source_language_en""}"
AU:CROP:be7e370408c84500e536e3a9,CropLocal,BUILDINGS - AROUND,BUILDINGS - AROUND,AU,RAW:e70806d228e19143ab1bb6b8,https://portal.apvma.gov.au/pubcris,"{""english_status"": ""official_source_language_en""}"
AU:CROP:bfc6d7c32fad73eac2c8ccb6,CropLocal,ONION - POST-PLANT/PRE EMERGENCE,ONION - POST-PLANT/PRE EMERGENCE,AU,RAW:3f8ad7c033f54d97a7659b59,https://portal.apvma.gov.au/pubcris,"{""english_status"": ""official_source_language_en""}"
AU:CROP:c8cf701f30ad11d3ee877dce,CropLocal,FARM,FARM,AU,RAW:a4c965fad5771c0cfc07c771,https://portal.apvma.gov.au/pubcris,"{""english_status"": ""official_source_language_en""}"
AU:CROP:da832736a1b2104afd1104e0,CropLocal,CUSTARD APPLE OVER 3 YEARS OLD,CUSTARD APPLE OVER 3 YEARS OLD,AU,RAW:3f583f15fb33fc4d17fd799f,https://portal.apvma.gov.au/pubcris,"{""english_status"": ""official_source_language_en""}"
AU:CROP:e34f477e2482c266d88cad38,CropLocal,"AVOCADO, OVER 3 YEARS OLD","AVOCADO, OVER 3 YEARS OLD",AU,RAW:510657fe71d5d8cf61297bf8,https://portal.apvma.gov.au/pubcris,"{""english_status"": ""official_source_language_en""}"
AU:CROP:e7943e0a8687b76414cf77ad,CropLocal,STEM INJECTION,STEM INJECTION,AU,RAW:207c73bfe0ebb1cccd8430e8,https://portal.apvma.gov.au/pubcris,"{""english_status"": ""official_source_language_en""}"
AU:CROP:ebc43e22b502cd9dd558e62d,CropLocal,BLUEBERRY OVER 3 YEARS OLD,BLUEBERRY OVER 3 YEARS OLD,AU,RAW:3f583f15fb33fc4d17fd799f,https://portal.apvma.gov.au/pubcris,"{""english_status"": ""official_source_language_en""}"
AU:CROP:f39617901c94080fe0588bc8,CropLocal,CITRUS OVER 3 YEARS OLD,CITRUS OVER 3 YEARS OLD,AU,RAW:510657fe71d5d8cf61297bf8,https://portal.apvma.gov.au/pubcris,"{""english_status"": ""official_source_language_en""}"
AU:CROP:fc7d73b9605822541de5991f,CropLocal,DOMESTIC AREA - OUTDOORS,DOMESTIC AREA - OUTDOORS,AU,RAW:1fe6f5237438a6bf3293331b,https://portal.apvma.gov.au/pubcris,"{""english_status"": ""official_source_language_en""}"
AU:CROP:fe6b9f1f7f5e68ed6626c5e5,CropLocal,"CAMELLIA OR TEA, OVER 3 YEARS OLD","CAMELLIA OR TEA, OVER 3 YEARS OLD",AU,RAW:3f583f15fb33fc4d17fd799f,https://portal.apvma.gov.au/pubcris,"{""english_status"": ""official_source_language_en""}"
AU:PRODUCT:47e4906967218687ec156295,PesticideProduct,COMBAT ORAL DRENCH FOR SHEEP AND LAMBS,COMBAT ORAL DRENCH FOR SHEEP AND LAMBS,AU,RAW:37ca83b9790fc21f7c19a9f7,https://portal.apvma.gov.au/pubcris,{}
AU:PRODUCT:7feed95ebf8a4d6f19180bcc,PesticideProduct,Fortin Herbicide,Fortin Herbicide,AU,RAW:33c99f820a0947607c387a3a,https://portal.apvma.gov.au/pubcris,{}
AU:REG:63afe985339ace4aaa43e35f,Registration,84962,84962,AU,RAW:33c99f820a0947607c387a3a,https://portal.apvma.gov.au/pubcris,"{""registration_date"": ""2022-07-01"", ""expiry_date"": ""2027-06-30"", ""status_original"": ""Registered - Current"", ""source_eligible_after_cutoff"": true}"
AU:REG:aacbf231422dfa045957f04e,Registration,56708,56708,AU,RAW:37ca83b9790fc21f7c19a9f7,https://portal.apvma.gov.au/pubcris,"{""registration_date"": ""2026-07-01"", ""expiry_date"": ""2027-06-30"", ""status_original"": ""Registered - Current"", ""source_eligible_after_cutoff"": true}"
AU:USE:36eb10d52505b1259844b48b,RegistrationUse,84962 use record,,AU,RAW:33c99f820a0947607c387a3a,https://portal.apvma.gov.au/pubcris,"{""pairing_status"": ""official_pair_asserted"", ""use_pattern_original"": """"}"
AU:USE:8803afccafb95aae90e4e967,RegistrationUse,56708 use record,,AU,RAW:37ca83b9790fc21f7c19a9f7,https://portal.apvma.gov.au/pubcris,"{""pairing_status"": ""official_pair_asserted"", ""use_pattern_original"": ""ICH ARE PRODUCING OR MAY IN THE FUTURE | AN CONSUMPTION. | PRODUCE MILK OR MILK PRODUCTS FOR HUM | WHP: MEAT - DO NOT USE LESS THAN 7 DAYS | . MILK - DO NOT USE IN FEMALE SHEEP WH | BEFORE SLAUGHTER FOR HUMAN CONSUMPTION""}"
AU:RegulatoryAgency,RegulatoryAgency,Australian Pesticides and Veterinary Medicines Authority,Australian Pesticides and Veterinary Medicines Authority,AU,,,{}
CN:AI:702d058054e4b53d74969dc4,ActiveIngredientLocal,毒死蜱,chlorpyrifos,CN,RAW:647bc1d8e772de38a96d7e27,http://www.chinapesticide.org.cn/,"{""english_status"": ""official_english_field""}"
CN:AI:af56e7272111673ac9279a8a,ActiveIngredientLocal,噻苯隆,thidiazuron,CN,RAW:8e113a2017cb7b018f95c46f,http://www.chinapesticide.org.cn/,"{""english_status"": ""official_english_field""}"
CN:CountryJurisdiction,CountryJurisdiction,China,China,CN,,,"{""sovereign_country"": ""China""}"
CN:PRODUCT:4237d8ca7373cbe091c07b6b,PesticideProduct,毒死蜱,,CN,RAW:e9736db5c7a86e71a8314a94,http://www.chinapesticide.org.cn/,{}
CN:PRODUCT:574e9f591e480c1fbb40d76e,PesticideProduct,噻苯隆,,CN,RAW:a36219bf8304f5ee71a0b1e8,http://www.chinapesticide.org.cn/,{}
CN:USE:d9edf31b8f455d8c7749f362,RegistrationUse,PD20132520 use record,,CN,RAW:e9736db5c7a86e71a8314a94,http://www.chinapesticide.org.cn/,"{""pairing_status"": ""official_pair_asserted"", ""use_pattern_original"": ""喷雾""}"
CN:USE:def2df6ded587a21ff0de445,RegistrationUse,PD20173025 use record,,CN,RAW:a36219bf8304f5ee71a0b1e8,http://www.chinapesticide.org.cn/,"{""pairing_status"": ""official_pair_asserted"", ""use_pattern_original"": ""喷雾""}"
CN:RegulatoryAgency,RegulatoryAgency,"Institute for the Control of Agrochemicals, MARA (ICAMA)","Institute for the Control of Agrochemicals, MARA (ICAMA)",CN,,,{}
TW:CountryJurisdiction,CountryJurisdiction,China - Taiwan,China - Taiwan,TW,,,"{""sovereign_country"": ""China""}"
TW:PRODUCT:3a4600643163bcd7a9f17308,PesticideProduct,得來速,,TW,RAW:28e63fc8b018a8e33f28353e,https://pesticide.aphia.gov.tw/information/Query/RegisterContent/?permno=AGD00010063960&regtid=10,{}
TW:PRODUCT:f63c3d0104de75f061ba1c9d,PesticideProduct,新戰車,,TW,RAW:26c4f0aacd71b07b8a2d3478,https://pesticide.aphia.gov.tw/information/Query/RegisterContent/?permno=AGD00010044783&regtid=10,{}
TW:USE:1f7095e021d7f95b0196c18c,RegistrationUse,農藥製 06396 use record,,TW,RAW:fff42cbbc4a42b49d8ccdab3,https://pesticide.aphia.gov.tw/information/Query/RegisterContent/?permno=AGD00010063960&regtid=10,"{""pairing_status"": ""official_pair_asserted"", ""use_pattern_original"": ""Dosage:0.6-1.3公升 | Dilution:1,500 | Timing:病害發生初期開始施藥。 | Interval:7 | PHI:30""}"
TW:USE:aefacb9ab257934120776685,RegistrationUse,農藥製 04478 use record,,TW,RAW:d37edd97beb7fe18d099e232,https://pesticide.aphia.gov.tw/information/Query/RegisterContent/?permno=AGD00010044783&regtid=10,"{""pairing_status"": ""official_pair_asserted"", ""use_pattern_original"": ""Dosage:0.33公升 | Dilution:3,000 | Timing:病害發生初期開始施藥。 | Interval:10 | Count:3 | PHI:3""}"
TW:RegulatoryAgency,RegulatoryAgency,Animal and Plant Health Inspection Agency (APHIA),Animal and Plant Health Inspection Agency (APHIA),TW,,,{}
GB:AI:6e40d56e17cb466357ea584c,ActiveIngredientLocal,flufenacet,flufenacet,GB,RAW:f4007dd805077e088fb81e0d,https://secure.pesticides.gov.uk/pestreg/getfullproduct.asp?productid=45713&pageno=1&origin=prodsearch,"{""english_status"": ""official_english_field""}"
GB:AI:d22fdad88d35b630b33716b8,ActiveIngredientLocal,glyphosate,glyphosate,GB,RAW:329228da37b839728ac6f7d8,https://secure.pesticides.gov.uk/pestreg/getfullproduct.asp?productid=46460&pageno=1&origin=prodsearch,"{""english_status"": ""official_english_field""}"
GB:CountryJurisdiction,CountryJurisdiction,United Kingdom - Great Britain,United Kingdom - Great Britain,GB,,,"{""sovereign_country"": ""United Kingdom""}"
GB:CROP:fad5f146d9bc8a583e16fdb3,CropLocal,"areas not intended to bear vegetation, unwanted vegetation","areas not intended to bear vegetation, unwanted vegetation",GB,RAW:088ef5b5a4d67120d0505b8e,https://secure.pesticides.gov.uk/pestreg/getfullproduct.asp?productid=45497&pageno=1&origin=prodsearch,"{""english_status"": ""official_source_language_en""}"
GB:CROP:ff0d692c1764d40ba5630a81,CropLocal,"barley (winter), wheat (winter)","barley (winter), wheat (winter)",GB,RAW:634b7f3dfc0ca7550323e7fe,https://secure.pesticides.gov.uk/pestreg/getfullproduct.asp?productid=45661&pageno=1&origin=prodsearch,"{""english_status"": ""official_source_language_en""}"
GB:PRODUCT:0e74bafbfc40ae221f3ae6c7,PesticideProduct,Job Done General Purpose Weedkiller Sachets,Job Done General Purpose Weedkiller Sachets,GB,RAW:e53a8d65df5d149502bcbe25,https://secure.pesticides.gov.uk/pestreg/getfullproduct.asp?productid=46005&pageno=1&origin=prodsearch,{}
GB:PRODUCT:d1843b1a236dc9a168c25451,PesticideProduct,Iconic,Iconic,GB,RAW:39b3881bc12f080903af2fea,https://secure.pesticides.gov.uk/pestreg/getfullproduct.asp?productid=45559&pageno=1&origin=prodsearch,{}
GB:REG:7297deed53c8b4c3e614ca53,Registration,19094,19094,GB,RAW:39b3881bc12f080903af2fea,https://secure.pesticides.gov.uk/pestreg/getfullproduct.asp?productid=45559&pageno=1&origin=prodsearch,"{""registration_date"": ""29/05/2025"", ""expiry_date"": ""31/03/2030"", ""status_original"": ""Valid"", ""source_eligible_after_cutoff"": true}"
GB:REG:c4e95672bbf1e672daf2fe39,Registration,18199,18199,GB,RAW:e53a8d65df5d149502bcbe25,https://secure.pesticides.gov.uk/pestreg/getfullproduct.asp?productid=46005&pageno=1&origin=prodsearch,"{""registration_date"": ""12/06/2025"", ""expiry_date"": ""15/06/2029"", ""status_original"": ""Valid"", ""source_eligible_after_cutoff"": true}"
GB:USE:7d35fd78fbd820f9d46956a3,RegistrationUse,19094 use record,,GB,RAW:39b3881bc12f080903af2fea,https://secure.pesticides.gov.uk/pestreg/getfullproduct.asp?productid=45559&pageno=1&origin=prodsearch,"{""pairing_status"": ""pairing_not_asserted"", ""use_pattern_original"": ""Herbicide""}"
GB:USE:e3951f958f49e4d558c3ac6b,RegistrationUse,18199 use record,,GB,RAW:e53a8d65df5d149502bcbe25,https://secure.pesticides.gov.uk/pestreg/getfullproduct.asp?productid=46005&pageno=1&origin=prodsearch,"{""pairing_status"": ""pairing_not_asserted"", ""use_pattern_original"": ""Herbicide""}"
GB:RegulatoryAgency,RegulatoryAgency,"Health and Safety Executive, Chemicals Regulation Division","Health and Safety Executive, Chemicals Regulation Division",GB,,,{}
GB-NI:AI:d22fdad88d35b630b33716b8,ActiveIngredientLocal,glyphosate,glyphosate,GB-NI,RAW:f9d43ee3deb1e29a0dedb5ea,https://secure.pesticides.gov.uk/pestreg/getfullproduct.asp?productid=46461&pageno=1&origin=prodsearch,"{""english_status"": ""official_english_field""}"
GB-NI:CountryJurisdiction,CountryJurisdiction,United Kingdom - Northern Ireland,United Kingdom - Northern Ireland,GB-NI,,,"{""sovereign_country"": ""United Kingdom""}"
GB-NI:CROP:c5f00b21239dee425c700559,CropLocal,"all edible crops (before planting), all edible crops (destruction), all edible crops (stubble), all non edible crops (before planting), all non edible crops (destruction), all non edible crops (stubble), apple, barley, bulb onion, cherry, combining pea, durum wheat, enclosed waters, field bean, grassland, green cover on land not being used for crop production, land immediately adjacent to aquatic areas, leek, linseed, mustard, oats, oilseed rape, open waters, pear, plum, potato, sugar beet, swede, turnip, vining pea, wheat","all edible crops (before planting), all edible crops (destruction), all edible crops (stubble), all non edible crops (before planting), all non edible crops (destruction), all non edible crops (stubble), apple, barley, bulb onion, cherry, combining pea, durum wheat, enclosed waters, field bean, grassland, green cover on land not being used for crop production, land immediately adjacent to aquatic areas, leek, linseed, mustard, oats, oilseed rape, open waters, pear, plum, potato, sugar beet, swede, turnip, vining pea, wheat",GB-NI,RAW:f171ce4d37fbb9a3bdcc2428,https://secure.pesticides.gov.uk/pestreg/getfullproduct.asp?productid=46673&pageno=1&origin=prodsearch,"{""english_status"": ""official_source_language_en""}"
GB-NI:CROP:fad5f146d9bc8a583e16fdb3,CropLocal,"areas not intended to bear vegetation, unwanted vegetation","areas not intended to bear vegetation, unwanted vegetation",GB-NI,RAW:a2bf83029832a28747b79d66,https://secure.pesticides.gov.uk/pestreg/getfullproduct.asp?productid=45496&pageno=1&origin=prodsearch,"{""english_status"": ""official_source_language_en""}"
GB-NI:PRODUCT:5e8d9c222f9a455c946625cf,PesticideProduct,Roundup Tough,Roundup Tough,GB-NI,RAW:022abdf5fac17c527b0cc8ba,https://secure.pesticides.gov.uk/pestreg/,{}
GB-NI:PRODUCT:c14f6a006c89accbab187433,PesticideProduct,Roundup Vista Plus,Roundup Vista Plus,GB-NI,RAW:f171ce4d37fbb9a3bdcc2428,https://secure.pesticides.gov.uk/pestreg/getfullproduct.asp?productid=46673&pageno=1&origin=prodsearch,{}
GB-NI:REG:1c10b524478a1df3b0cf72ac,Registration,18693,18693,GB-NI,RAW:022abdf5fac17c527b0cc8ba,https://secure.pesticides.gov.uk/pestreg/,"{""registration_date"": """", ""expiry_date"": ""15/06/2026"", ""status_original"": ""Expired"", ""source_eligible_after_cutoff"": true}"
GB-NI:REG:5f4d8362ec55002c33f6ff52,Registration,21206,21206,GB-NI,RAW:f171ce4d37fbb9a3bdcc2428,https://secure.pesticides.gov.uk/pestreg/getfullproduct.asp?productid=46673&pageno=1&origin=prodsearch,"{""registration_date"": ""22/08/2025"", ""expiry_date"": ""09/09/2099"", ""status_original"": ""Valid"", ""source_eligible_after_cutoff"": true}"
GB-NI:USE:669d35c07d90c89efd99aaa6,RegistrationUse,21206 use record,,GB-NI,RAW:f171ce4d37fbb9a3bdcc2428,https://secure.pesticides.gov.uk/pestreg/getfullproduct.asp?productid=46673&pageno=1&origin=prodsearch,"{""pairing_status"": ""pairing_not_asserted"", ""use_pattern_original"": ""Herbicide""}"
GB-NI:USE:8effbaa11f1e6318f2fcf49f,RegistrationUse,18693 use record,,GB-NI,RAW:022abdf5fac17c527b0cc8ba,https://secure.pesticides.gov.uk/pestreg/,"{""pairing_status"": ""pairing_not_asserted"", ""use_pattern_original"": """"}"
GB-NI:RegulatoryAgency,RegulatoryAgency,"Health and Safety Executive, Chemicals Regulation Division","Health and Safety Executive, Chemicals Regulation Division",GB-NI,,,{}
HU:AI:544f5a919d7846399ff3b8bf,ActiveIngredientLocal,glifozát,glifozát,HU,RAW:1b235543d90d824c162e1f24,1,"{""english_status"": ""official_english_field""}"
HU:AI:8665aaaa35626834a5da7f5d,ActiveIngredientLocal,Deltametrin,Deltametrin,HU,RAW:7a104fb6017d215ee426d378,1,"{""english_status"": ""official_english_field""}"
HU:CountryJurisdiction,CountryJurisdiction,Hungary,Hungary,HU,,,"{""sovereign_country"": ""Hungary""}"
HU:CROP:91ea0819ab43444f80eb680f,CropLocal,"Alma - ULT01, Birs - ULT18, Cseresznye - ULT17, Dió - ULT08, Kajszibarack (sárgabarack) - ULT04, Körte - ULT15, kukorica(szemes), Mandula - ULT10, Meggy - ULT16, Mogyoró - ULT09, Naspolya - ULT07, Nektarin - ULT05, Őszi árpa - KAL17, Őszi búza - KAL01, Őszi káposztarepce - IND03, Őszibarack - ULT03, Ringló, Szelídgesztenye - ULT11, Szilva - ULT06, Szőlő (bor), Szőlő (csemege), Tavaszi árpa - KAL18, Tavaszi káposztarepce - IND04",,HU,RAW:1149dbb0227611d67e1848a8,8,"{""english_status"": ""unresolved""}"
HU:CROP:9b65bd0f16c3584cac5981b8,CropLocal,"Mustár, Őszi árpa - KAL17, Őszi búza - KAL01, Őszi káposztarepce - IND03, Rozs - KAL15, Tavaszi árpa - KAL18, Tavaszi káposztarepce - IND04, Tritikálé, Zab",,HU,RAW:6c8534959b0777897ed0873b,5,"{""english_status"": ""unresolved""}"
HU:PRODUCT:2faaff790d27f6c9f0daa68f,PesticideProduct,Powerfull,,HU,RAW:128bf93735c25d503d46806a,14,{}
HU:PRODUCT:46b8ccc36c9523a53d7bad5d,PesticideProduct,Krypt 540,,HU,RAW:81349d7dc9a54bbe957b881e,10,{}
HU:REG:6b62064e4905ec4bcf05ef34,Registration,04.2/164-2/2012,04.2/164-2/2012,HU,RAW:128bf93735c25d503d46806a,14,"{""registration_date"": ""2017-03-17"", ""expiry_date"": ""2027-10-31"", ""status_original"": ""származtatott"", ""source_eligible_after_cutoff"": true}"
HU:REG:7476da24970a1a4392698708,Registration,6300/3876-1/2020,6300/3876-1/2020,HU,RAW:81349d7dc9a54bbe957b881e,10,"{""registration_date"": ""2025-10-16"", ""expiry_date"": ""2028-12-31"", ""status_original"": ""alapengedély"", ""source_eligible_after_cutoff"": true}"
HU:USE:8ec82471850d2a25eba30298,RegistrationUse,04.2/164-2/2012 use record,,HU,RAW:128bf93735c25d503d46806a,14,"{""pairing_status"": ""pairing_not_asserted"", ""use_pattern_original"": """"}"
HU:USE:dfb2e1f113f29e24b6e64064,RegistrationUse,6300/3876-1/2020 use record,,HU,RAW:81349d7dc9a54bbe957b881e,10,"{""pairing_status"": ""pairing_not_asserted"", ""use_pattern_original"": """"}"
HU:RegulatoryAgency,RegulatoryAgency,National Food Chain Safety Office (Nebih),National Food Chain Safety Office (Nebih),HU,,,{}
HU:TARGET:0f0500c4f5ca64028491701f,TargetLocal,"Évelő egy- és kétszikű gyomok, magról kelő egy- és kétszikű gyomok",,HU,RAW:cbd145e5ca8ed9040687df77,5,"{""english_status"": ""unresolved""}"
HU:TARGET:17ceccef844c5969068c724e,TargetLocal,"levéltetvek, repcebecőormányos, repce-fénybogár, repceszárormányos, vetésfehérítő bogarak",,HU,RAW:6c8534959b0777897ed0873b,5,"{""english_status"": ""unresolved""}"
IE:AI:588d221bda069b4ee95cba5c,ActiveIngredientLocal,Fluxapyroxad - 75 g/l,Fluxapyroxad - 75 g/l,IE,RAW:f1665a0498fd69ca44669071,https://www.pcs.agriculture.gov.ie/pppd/Search/Product?productId=7178,"{""english_status"": ""official_english_field""}"
IE:AI:a32b771cb8baa2a53dc7cc5c,ActiveIngredientLocal,Flonicamid - 500 g/kg,Flonicamid - 500 g/kg,IE,RAW:c1e08c6b49bf20404b5cb9f5,https://www.pcs.agriculture.gov.ie/pppd/Search/Product?productId=7714,"{""english_status"": ""official_english_field""}"
IE:AI:bbad17a1f7fe725c21f4289e,ActiveIngredientLocal,Pyraclostrobin - 150 g/l,Pyraclostrobin - 150 g/l,IE,RAW:f1665a0498fd69ca44669071,https://www.pcs.agriculture.gov.ie/pppd/Search/Product?productId=7178,"{""english_status"": ""official_english_field""}"
IE:CountryJurisdiction,CountryJurisdiction,Ireland,Ireland,IE,,,"{""sovereign_country"": ""Ireland""}"
IE:CROP:384123be9bdeecb95591b35f,CropLocal,Potatoes - ware crops,Potatoes - ware crops,IE,RAW:690b9c5fbd6a6bbc6fed007c,https://www.pcs.agriculture.gov.ie/pppd/Search/Product?productId=5786,"{""english_status"": ""official_source_language_en""}"
IE:CROP:4952230bae156935f14fb560,CropLocal,Beet - sugar,Beet - sugar,IE,RAW:7df8970d509d5961e9c8183d,https://www.pcs.agriculture.gov.ie/pppd/Search/Product?productId=6195,"{""english_status"": ""official_source_language_en""}"
IE:CROP:589523e1679b1b96d98417ea,CropLocal,Potatoes - seed crops,Potatoes - seed crops,IE,RAW:5cf46057506874c8ffc48d0f,https://www.pcs.agriculture.gov.ie/pppd/Search/Product?productId=5983,"{""english_status"": ""official_source_language_en""}"
IE:CROP:66e99f0d8ec9f02f2036c7df,CropLocal,Triticale,Triticale,IE,RAW:c89bb218ea0c3532f6fc9462,https://www.pcs.agriculture.gov.ie/pppd/Search/Product?productId=6178,"{""english_status"": ""official_source_language_en""}"
IE:CROP:6dcf3ef382523b8aaf057569,CropLocal,Wheat - winter,Wheat - winter,IE,RAW:4f86206721daa29582951833,https://www.pcs.agriculture.gov.ie/pppd/Search/Product?productId=5636,"{""english_status"": ""official_source_language_en""}"
IE:CROP:6ee8fd010236f0a875f2e718,CropLocal,Rye - spring,Rye - spring,IE,RAW:c89bb218ea0c3532f6fc9462,https://www.pcs.agriculture.gov.ie/pppd/Search/Product?productId=6178,"{""english_status"": ""official_source_language_en""}"
IE:CROP:84844ab2fe15153e58d1421b,CropLocal,Spelt,Spelt,IE,RAW:c1e08c6b49bf20404b5cb9f5,https://www.pcs.agriculture.gov.ie/pppd/Search/Product?productId=7714,"{""english_status"": ""official_source_language_en""}"
IE:CROP:88268b539de1fda78904caa6,CropLocal,Oilseed Rape - winter,Oilseed Rape - winter,IE,RAW:42a62f1e8395593df7cd0d71,https://www.pcs.agriculture.gov.ie/pppd/Search/Product?productId=6042,"{""english_status"": ""official_source_language_en""}"
IE:CROP:890008c2ffe3309c698a1446,CropLocal,Barley - spring,Barley - spring,IE,RAW:cb6e8cf095ddc0f85b75edfe,https://www.pcs.agriculture.gov.ie/pppd/Search/Product?productId=5321,"{""english_status"": ""official_source_language_en""}"
IE:CROP:96595e3f9270137cd0c6edb4,CropLocal,Barley - winter,Barley - winter,IE,RAW:cb6e8cf095ddc0f85b75edfe,https://www.pcs.agriculture.gov.ie/pppd/Search/Product?productId=5321,"{""english_status"": ""official_source_language_en""}"
IE:CROP:a4046ff3bc2899a4e854379e,CropLocal,Beet - fodder,Beet - fodder,IE,RAW:7df8970d509d5961e9c8183d,https://www.pcs.agriculture.gov.ie/pppd/Search/Product?productId=6195,"{""english_status"": ""official_source_language_en""}"
IE:CROP:c0fc00d87e7eecf57989d5c8,CropLocal,Rye - winter,Rye - winter,IE,RAW:c89bb218ea0c3532f6fc9462,https://www.pcs.agriculture.gov.ie/pppd/Search/Product?productId=6178,"{""english_status"": ""official_source_language_en""}"
IE:CROP:c343118f9b488041bea18e09,CropLocal,Wheat - spring,Wheat - spring,IE,RAW:4f86206721daa29582951833,https://www.pcs.agriculture.gov.ie/pppd/Search/Product?productId=5636,"{""english_status"": ""official_source_language_en""}"
IE:CROP:df0f8315c84697e3c7f10801,CropLocal,Oats - spring,Oats - spring,IE,RAW:4f86206721daa29582951833,https://www.pcs.agriculture.gov.ie/pppd/Search/Product?productId=5636,"{""english_status"": ""official_source_language_en""}"
IE:CROP:e20404a503c600e151245386,CropLocal,Oats - winter,Oats - winter,IE,RAW:4f86206721daa29582951833,https://www.pcs.agriculture.gov.ie/pppd/Search/Product?productId=5636,"{""english_status"": ""official_source_language_en""}"
IE:CROP:ed086a3a203062f8a0aab955,CropLocal,Pears,Pears,IE,RAW:86bc15ceaa9a84a8a2e90798,https://www.pcs.agriculture.gov.ie/pppd/Search/Product?productId=5278,"{""english_status"": ""official_source_language_en""}"
IE:CROP:f5903f51e341a783e69ffc2d,CropLocal,Apples,Apples,IE,RAW:86bc15ceaa9a84a8a2e90798,https://www.pcs.agriculture.gov.ie/pppd/Search/Product?productId=5278,"{""english_status"": ""official_source_language_en""}"
IE:PRODUCT:3e9e4089432bbe18f82dce27,PesticideProduct,Floniki,Floniki,IE,RAW:476b6c149ad2c3aaf9ee42ff,https://www.pcs.agriculture.gov.ie/pppd/Search/Product?productId=8158,{}
IE:PRODUCT:6ba3bda1959ecdaa747be874,PesticideProduct,Serpent,Serpent,IE,RAW:8dc386da641d23a48eb7ff26,https://www.pcs.agriculture.gov.ie/pppd/Search/Product?productId=7854,{}
IE:REG:087479a75860b24e952043d2,Registration,06662,06662,IE,RAW:476b6c149ad2c3aaf9ee42ff,https://www.pcs.agriculture.gov.ie/pppd/Search/Product?productId=8158,"{""registration_date"": """", ""expiry_date"": """", ""status_original"": ""Registered (present in current PRCD database)"", ""source_eligible_after_cutoff"": true}"
IE:REG:1f4c086eabad648292fda68e,Registration,06741,06741,IE,RAW:8dc386da641d23a48eb7ff26,https://www.pcs.agriculture.gov.ie/pppd/Search/Product?productId=7854,"{""registration_date"": """", ""expiry_date"": """", ""status_original"": ""Registered (present in current PRCD database)"", ""source_eligible_after_cutoff"": true}"
IE:USE:37be1f3c5f841de54f20b01a,RegistrationUse,06741 use record,,IE,RAW:8dc386da641d23a48eb7ff26,https://www.pcs.agriculture.gov.ie/pppd/Search/Product?productId=7854,"{""pairing_status"": ""pairing_not_asserted"", ""use_pattern_original"": ""Fungicide""}"
IE:USE:77d0a21db54bba6062a7eac5,RegistrationUse,06662 use record,,IE,RAW:476b6c149ad2c3aaf9ee42ff,https://www.pcs.agriculture.gov.ie/pppd/Search/Product?productId=8158,"{""pairing_status"": ""pairing_not_asserted"", ""use_pattern_original"": ""Insecticide""}"
IE:RegulatoryAgency,RegulatoryAgency,"Pesticide Registration and Control Divisions, DAFM","Pesticide Registration and Control Divisions, DAFM",IE,,,{}
JP:CountryJurisdiction,CountryJurisdiction,Japan,Japan,JP,,,"{""sovereign_country"": ""Japan""}"
JP:PRODUCT:42f34109087d20eb16d58b31,PesticideProduct,シンゲキ1キロ粒剤,,JP,RAW:d97e6c04ba9550d7cefaeb3e,https://www.acis.famic.go.jp/ddata/datacsv/R0808050.zip,{}
JP:PRODUCT:635f031b14ed05f679675e35,PesticideProduct,ファーストオリゼフェルテラ粒剤,,JP,RAW:e8901a3c6315d8c7713ee452,https://www.acis.famic.go.jp/ddata/datacsv/R0808050.zip,{}
JP:USE:50afbf30c29b41d96e4be724,RegistrationUse,24684 use record,,JP,RAW:1dd707f33e132ee5f7a24361,https://www.acis.famic.go.jp/ddata/datacsv/R0808050.zip,"{""pairing_status"": ""official_pair_asserted"", ""use_pattern_original"": ""Dilution/Dosage: 1kg/10a; Timing: 稲1葉期~ノビエ2.5葉期 但し、収穫90日前まで; Product use count: 1回; Method: 湛水散布又は無人航空機による散布""}"
JP:USE:b35f521034515d23de14c4e0,RegistrationUse,22824 use record,,JP,RAW:4874b1986f9151b1fb34ddb5,https://www.acis.famic.go.jp/ddata/datacsv/R0808050.zip,"{""pairing_status"": ""official_pair_asserted"", ""use_pattern_original"": ""Dilution/Dosage: 育苗箱(30×60×3cm、使用土壌約5リットル)1箱当り50g; Timing: は種時(覆土前); Product use count: 1回; Method: 育苗箱の床土に均一に散布する。""}"
JP:RegulatoryAgency,RegulatoryAgency,Food and Agricultural Materials Inspection Center (FAMIC),Food and Agricultural Materials Inspection Center (FAMIC),JP,,,{}
KR:AI:aad96619319bf28f69213ba6,ActiveIngredientLocal,Tebuconazole,Tebuconazole,KR,RAW:5834d2e604ba6648fdc13538,https://psis.rda.go.kr/psis/agc/res/agchmRegistStusLst.ps?menuId=PS00263,"{""english_status"": ""official_english_field""}"
KR:CountryJurisdiction,CountryJurisdiction,South Korea,South Korea,KR,,,"{""sovereign_country"": ""South Korea""}"
KR:PRODUCT:48ccde1af9881824f1e9efab,PesticideProduct,경농캪탄,,KR,RAW:7ce6fd80a14940a3d42ef91d,https://psis.rda.go.kr/psis/agc/res/agchmRegistStusLst.ps?menuId=PS00263,{}
KR:PRODUCT:565152ef3f0136be11bc6367,PesticideProduct,밀리언,,KR,RAW:5a3019fa6e5964b8111385ca,https://psis.rda.go.kr/psis/agc/res/agchmRegistStusLst.ps?menuId=PS00263,{}
KR:USE:344ba9f5470600062a834fbb,RegistrationUse,52-살균-4 use record,,KR,RAW:24548b2527c8243ae75f79b5,https://psis.rda.go.kr/psis/agc/res/agchmRegistStusLst.ps?menuId=PS00263,"{""pairing_status"": ""official_pair_asserted"", ""use_pattern_original"": ""Dilution: 2000배; Application timing: 꽃이 피기 전 및 꽃이 진 후; Application method: 경엽처리; Pre-harvest interval: 수확14일전; Maximum use count: 3회""}"
KR:USE:bc7c2473f9939f19e5203b21,RegistrationUse,1-살균-49 use record,,KR,RAW:360dd4d9537341569aec697b,https://psis.rda.go.kr/psis/agc/res/agchmRegistStusLst.ps?menuId=PS00263,"{""pairing_status"": ""official_pair_asserted"", ""use_pattern_original"": ""Dilution: 500배; Application timing: 발병 초부터; Application method: 경엽처리; Pre-harvest interval: 수확21일전; Maximum use count: 4회""}"
KR:RegulatoryAgency,RegulatoryAgency,Rural Development Administration Pesticide Safety Information System,Rural Development Administration Pesticide Safety Information System,KR,,,{}
NL:AI:1e472d8c6aa9abb8862a6975,ActiveIngredientLocal,metrafenon,,NL,RAW:49c042892026b025418f34e7,https://toelatingen.ctgb.nl/,"{""english_status"": ""missing_or_requires_alignment""}"
NL:AI:e026e1fe55c0aed3cf854318,ActiveIngredientLocal,prohexadion-calcium,,NL,RAW:04e5b1da295b73533e28eab6,https://toelatingen.ctgb.nl/,"{""english_status"": ""missing_or_requires_alignment""}"
NL:CountryJurisdiction,CountryJurisdiction,Netherlands,Netherlands,NL,,,"{""sovereign_country"": ""Netherlands""}"
NL:CROP:29e5bb362e77ac5f6baa80eb,CropLocal,Akkerbouwgewassen: Granen: Zomergraan: Zomerrogge,,NL,RAW:31c0a99e6a39d90e55c8b6de,https://toelatingen.ctgb.nl/,"{""english_status"": ""unresolved""}"
NL:CROP:5ec652471a41c7b2eaaffc63,CropLocal,"Groenteteelt: Vruchtgroenten: Vruchtgroenten van Solanaceae: Aubergine, Tomaat",,NL,RAW:57e0e0351dec2d3220c40d2e,https://toelatingen.ctgb.nl/,"{""english_status"": ""unresolved""}"
NL:PRODUCT:1a629ad2cac1c0d91625d092,PesticideProduct,FABULIS OD,,NL,RAW:a58e3c638030f80e66aafe79,https://toelatingen.ctgb.nl/,{}
NL:PRODUCT:d11863f4aa4d0ab9ae71eacd,PesticideProduct,NSP Metra i-Next 500,,NL,RAW:46cb1d255dbb582583a66de0,https://toelatingen.ctgb.nl/,{}
NL:REG:e65fe83b2bd82ed100507bdd,Registration,15844,15844,NL,RAW:a58e3c638030f80e66aafe79,https://toelatingen.ctgb.nl/,"{""registration_date"": """", ""expiry_date"": ""2027-05-31"", ""status_original"": ""Valid"", ""source_eligible_after_cutoff"": true}"
NL:REG:f1c628caab4033afe87dd9b4,Registration,16521,16521,NL,RAW:46cb1d255dbb582583a66de0,https://toelatingen.ctgb.nl/,"{""registration_date"": """", ""expiry_date"": ""2027-11-01"", ""status_original"": ""Valid"", ""source_eligible_after_cutoff"": true}"
NL:USE:085a3f665411b0687cf7f293,RegistrationUse,15844 use record,,NL,RAW:b6a31a4bf2ad9d40b1cd0991,https://toelatingen.ctgb.nl/,"{""pairing_status"": ""official_pair_asserted"", ""use_pattern_original"": ""Onbedekt | Gewasbehandeling | 29 tot en met 34 | Van maart t/m juni""}"
NL:USE:0adbc6d5789e15fec4a5efc4,RegistrationUse,16521 use record,,NL,RAW:1c838545bff74b34200c709b,https://toelatingen.ctgb.nl/,"{""pairing_status"": ""official_pair_asserted"", ""use_pattern_original"": ""Bedekt | Gewasbehandeling | 11 tot en met 89 | Van januari t/m december""}"
NL:USE:131baf11993f6a483bebe156,RegistrationUse,15844 use record,,NL,RAW:f34d2929d8ccca6f4efaf8c4,https://toelatingen.ctgb.nl/,"{""pairing_status"": ""official_pair_asserted"", ""use_pattern_original"": ""Onbedekt | Gewasbehandeling | 29 tot en met 39 | Van april t/m juni""}"
NL:USE:15a8fa33ebf66a03fcef2ec8,RegistrationUse,15844 use record,,NL,RAW:e8f37e82e281ced5954f8171,https://toelatingen.ctgb.nl/,"{""pairing_status"": ""official_pair_asserted"", ""use_pattern_original"": ""Onbedekt | Gewasbehandeling | 29 tot en met 39 | Van februari t/m juni""}"
NL:USE:40ecd28c8a02f6c36cd8570a,RegistrationUse,15844 use record,,NL,RAW:347b58c492d58d4320c13ac8,https://toelatingen.ctgb.nl/,"{""pairing_status"": ""official_pair_asserted"", ""use_pattern_original"": ""Onbedekt | Gewasbehandeling | 31 tot en met 34 | Van maart t/m juni""}"
NL:USE:494750893f2749204f41e2ff,RegistrationUse,16521 use record,,NL,RAW:87eca4dcaafcab9dcd437f66,https://toelatingen.ctgb.nl/,"{""pairing_status"": ""official_pair_asserted"", ""use_pattern_original"": ""Binnen""}"
NL:USE:511b0b0908e641f80b2a493c,RegistrationUse,16521 use record,,NL,RAW:6d322fd1eb5d26b867c90d09,https://toelatingen.ctgb.nl/,"{""pairing_status"": ""official_pair_asserted"", ""use_pattern_original"": ""Substraat, Bedekt | Gewasbehandeling | 11 tot en met 89 | Van januari t/m december""}"
NL:USE:7e2771aa0b72eac491a30ea1,RegistrationUse,15844 use record,,NL,RAW:87b8388ba6c709bb2a94efa3,https://toelatingen.ctgb.nl/,"{""pairing_status"": ""official_pair_asserted"", ""use_pattern_original"": ""Onbedekt | Gewasbehandeling | 31 tot en met 34 | Van maart t/m juni""}"
NL:USE:7efdfe681354450957429968,RegistrationUse,15844 use record,,NL,RAW:e415999728348fe27126c5b9,https://toelatingen.ctgb.nl/,"{""pairing_status"": ""official_pair_asserted"", ""use_pattern_original"": ""Onbedekt | Gewasbehandeling | 29 tot en met 34 | Van maart t/m juni""}"
NL:USE:99ea8cd5431d89e9a08b9014,RegistrationUse,15844 use record,,NL,RAW:5ccd82f2f776ee64c43f81ff,https://toelatingen.ctgb.nl/,"{""pairing_status"": ""official_pair_asserted"", ""use_pattern_original"": ""Onbedekt | Gewasbehandeling | 29 tot en met 39 | Van april t/m juni""}"
NL:USE:9a87259ba9936c22b173908c,RegistrationUse,15844 use record,,NL,RAW:5a9f94bd2804ea9a19af0e6f,https://toelatingen.ctgb.nl/,"{""pairing_status"": ""official_pair_asserted"", ""use_pattern_original"": ""Onbedekt | Gewasbehandeling | 29 tot en met 39 | Van februari t/m juni""}"
NL:USE:a5174e03f1d62b8e7973ea03,RegistrationUse,16521 use record,,NL,RAW:dd523228d51eb6df68d606dc,https://toelatingen.ctgb.nl/,"{""pairing_status"": ""official_pair_asserted"", ""use_pattern_original"": ""Bedekt | Gewasbehandeling | 11 tot en met 89 | Van januari t/m december""}"
NL:USE:a6945366990e97d92c0bc122,RegistrationUse,15844 use record,,NL,RAW:fa9e892592568e8a70eac7f3,https://toelatingen.ctgb.nl/,"{""pairing_status"": ""official_pair_asserted"", ""use_pattern_original"": ""Onbedekt | Gewasbehandeling | 29 tot en met 39 | Van februari t/m juni""}"
NL:USE:b0c91410a374c768a3a2751f,RegistrationUse,16521 use record,,NL,RAW:46cb1d255dbb582583a66de0,https://toelatingen.ctgb.nl/,"{""pairing_status"": ""official_pair_asserted"", ""use_pattern_original"": ""Bedekt | Gewasbehandeling | 11 tot en met 89 | Van januari t/m december""}"
NL:USE:cb4e5718d6067e3b655e94e6,RegistrationUse,16521 use record,,NL,RAW:57e0e0351dec2d3220c40d2e,https://toelatingen.ctgb.nl/,"{""pairing_status"": ""official_pair_asserted"", ""use_pattern_original"": ""Bedekt | Gewasbehandeling | 11 tot en met 89 | Van januari t/m december""}"
NL:USE:cd1893ad78d7aa211fad18a7,RegistrationUse,15844 use record,,NL,RAW:da3b4b8835330de658a1c340,https://toelatingen.ctgb.nl/,"{""pairing_status"": ""official_pair_asserted"", ""use_pattern_original"": ""Onbedekt | Gewasbehandeling | 31 tot en met 34 | Van maart t/m juni""}"
NL:USE:cf21b5996f49061548b864ce,RegistrationUse,15844 use record,,NL,RAW:a58e3c638030f80e66aafe79,https://toelatingen.ctgb.nl/,"{""pairing_status"": ""official_pair_asserted"", ""use_pattern_original"": ""Onbedekt | Gewasbehandeling | 29 tot en met 39 | Van februari t/m juni""}"
NL:USE:d3a542ff212ea6629f1d738a,RegistrationUse,15844 use record,,NL,RAW:16f189bdf42a943ca0b02b2a,https://toelatingen.ctgb.nl/,"{""pairing_status"": ""official_pair_asserted"", ""use_pattern_original"": ""Onbedekt | Gewasbehandeling | 31 tot en met 34 | Van maart t/m juni""}"
NL:USE:ef10f2a0df10816c3ded98b0,RegistrationUse,16521 use record,,NL,RAW:b4e5ddd3fd2d26c51888d4a2,https://toelatingen.ctgb.nl/,"{""pairing_status"": ""official_pair_asserted"", ""use_pattern_original"": ""Bedekt | Gewasbehandeling | 19 tot en met 89 | Van januari t/m december""}"
NL:USE:efbded27be78079dcfbef06b,RegistrationUse,16521 use record,,NL,RAW:c13eaa266342aa571d137f80,https://toelatingen.ctgb.nl/,"{""pairing_status"": ""official_pair_asserted"", ""use_pattern_original"": ""Substraat, Bedekt | Gewasbehandeling | 19 tot en met 89 | Van januari t/m december""}"
NL:RegulatoryAgency,RegulatoryAgency,Board for the Authorisation of Plant Protection Products and Biocides (Ctgb),Board for the Authorisation of Plant Protection Products and Biocides (Ctgb),NL,,,{}
NL:TARGET:318d4c126ba873102bd0e81f,TargetLocal,"Schimmels: Hyphomycetes: Hyphomycetales: Oidium, Plectomycetes: Erysiphales: Leveillula taurica",,NL,RAW:57e0e0351dec2d3220c40d2e,https://toelatingen.ctgb.nl/,"{""english_status"": ""unresolved""}"
NL:TARGET:8676cd286e06465993376617,TargetLocal,Groeiregulatoren: Voorkomen van legering,,NL,RAW:79e8a943e67c504d93bebc84,https://toelatingen.ctgb.nl/,"{""english_status"": ""unresolved""}"
NZ:AI:0c1734fd445ced0ccd30cba3,ActiveIngredientLocal,DESMEDIPHAM,DESMEDIPHAM,NZ,RAW:7cc580da3714710709342982,https://www.epa.govt.nz/database-search/hsno-application-register/,"{""english_status"": ""official_english_field""}"
NZ:AI:5aaca82465472bf9fc346945,ActiveIngredientLocal,PENETHAMATE HYDRIODIDE,PENETHAMATE HYDRIODIDE,NZ,RAW:3dda66a963ed00f0bd4a1e25,https://www.epa.govt.nz/database-search/hsno-application-register/,"{""english_status"": ""official_english_field""}"
NZ:CountryJurisdiction,CountryJurisdiction,New Zealand,New Zealand,NZ,,,"{""sovereign_country"": ""New Zealand""}"
NZ:PRODUCT:006e57a27c20b7637c7eec37,PesticideProduct,Penethaject RTU,Penethaject RTU,NZ,RAW:876fbdc02f45b713ca4d4aae,https://www.epa.govt.nz/database-search/hsno-application-register/,{}
NZ:PRODUCT:64c90e12fbcccb3278965cbf,PesticideProduct,Fender 320 EC Herbicide,Fender 320 EC Herbicide,NZ,RAW:8b20d3ed56be1f165cf9e8fa,https://www.epa.govt.nz/database-search/hsno-application-register/,{}
NZ:USE:0c574f1c53628bace13ba7b7,RegistrationUse,A010920 use record,,NZ,RAW:8d6466e6bae61a24aad02e1b,https://www.epa.govt.nz/database-search/hsno-application-register/,"{""pairing_status"": ""pairing_not_asserted"", ""use_pattern_original"": """"}"
NZ:USE:5160b1de31ebda262e1f2085,RegistrationUse,P009349 use record,,NZ,RAW:8b20d3ed56be1f165cf9e8fa,https://www.epa.govt.nz/database-search/hsno-application-register/,"{""pairing_status"": ""pairing_not_asserted"", ""use_pattern_original"": """"}"
NZ:RegulatoryAgency,RegulatoryAgency,New Zealand EPA / Agricultural Compounds and Veterinary Medicines,New Zealand EPA / Agricultural Compounds and Veterinary Medicines,NZ,,,{}
US:AI:472c7855b5f07e9699217f84,ActiveIngredientLocal,Clethodim,Clethodim,US,RAW:2617460fa8082da5a33ef013,"https://ordspub.epa.gov/ords/pesticides/f?p=PPLS:8:::NO::P8_PUID,P8_RINUM:546336,71085-65","{""english_status"": ""official_english_field""}"
US:AI:7b1d4b3e9d82d8c5e2422b48,ActiveIngredientLocal,Mineral oil - includes paraffin oil from 063503,Mineral oil - includes paraffin oil from 063503,US,RAW:a271a83089c9e6a4e32eee33,"https://ordspub.epa.gov/ords/pesticides/f?p=PPLS:8:::NO::P8_PUID,P8_RINUM:544105,644-1","{""english_status"": ""official_english_field""}"
US:CountryJurisdiction,CountryJurisdiction,United States,United States,US,,,"{""sovereign_country"": ""United States""}"
US:PRODUCT:095e5622b893ea4e16ddf736,PesticideProduct,Drexel 415 Oil Technical,Drexel 415 Oil Technical,US,RAW:cd7681bb9e153b4605beaf1a,"https://ordspub.epa.gov/ords/pesticides/f?p=PPLS:8:::NO::P8_PUID,P8_RINUM:30972,19713-397",{}
US:PRODUCT:eb02935f24ecd33c7b71e441,PesticideProduct,Axill Solutions Clethodim 2ec,Axill Solutions Clethodim 2ec,US,RAW:e573bae14b6c5a9984245116,"https://ordspub.epa.gov/ords/pesticides/f?p=PPLS:8:::NO::P8_PUID,P8_RINUM:529336,93809-5",{}
US:REG:0e68db69a17ae7b81f833b0e,Registration,93809-5,93809-5,US,RAW:e573bae14b6c5a9984245116,"https://ordspub.epa.gov/ords/pesticides/f?p=PPLS:8:::NO::P8_PUID,P8_RINUM:529336,93809-5","{""registration_date"": ""02/27/2020"", ""expiry_date"": """", ""status_original"": ""Active"", ""source_eligible_after_cutoff"": true}"
US:REG:247ca6e486cc282784cb3326,Registration,19713-397,19713-397,US,RAW:cd7681bb9e153b4605beaf1a,"https://ordspub.epa.gov/ords/pesticides/f?p=PPLS:8:::NO::P8_PUID,P8_RINUM:30972,19713-397","{""registration_date"": ""04/04/1996"", ""expiry_date"": """", ""status_original"": ""Active"", ""source_eligible_after_cutoff"": true}"
US:USE:5900f3aa797bd00c897a856f,RegistrationUse,19713-397 use record,,US,RAW:cd7681bb9e153b4605beaf1a,"https://ordspub.epa.gov/ords/pesticides/f?p=PPLS:8:::NO::P8_PUID,P8_RINUM:30972,19713-397","{""pairing_status"": ""pairing_not_asserted"", ""use_pattern_original"": """"}"
US:USE:af90372a8c526a51ce5eb185,RegistrationUse,93809-5 use record,,US,RAW:e573bae14b6c5a9984245116,"https://ordspub.epa.gov/ords/pesticides/f?p=PPLS:8:::NO::P8_PUID,P8_RINUM:529336,93809-5","{""pairing_status"": ""pairing_not_asserted"", ""use_pattern_original"": ""Greenhouse nonfood crop, Terrestrial food crop, Terrestrial nonfood crop""}"
US:RegulatoryAgency,RegulatoryAgency,United States Environmental Protection Agency,United States Environmental Protection Agency,US,,,{}
